Unnamed: 0,text,match,probability,item_id,model,dataset
0,aa,match,1.0,1,ViT-g-14,natural
1,aa,match,1.0,2,ViT-g-14,natural
2,aa,match,1.0,3,ViT-g-14,natural
3,aa,match,1.0,4,ViT-g-14,natural
4,aa,match,1.0,5,ViT-g-14,natural
5,aa,match,1.0,6,ViT-g-14,natural
6,aa,match,1.0,7,ViT-g-14,natural
7,aa,match,1.0,8,ViT-g-14,natural
8,aa,match,1.0,9,ViT-g-14,natural
9,aa,match,1.0,10,ViT-g-14,natural
10,aa,match,1.0,11,ViT-g-14,natural
11,aa,match,1.0,12,ViT-g-14,natural
12,aa,match,1.0,13,ViT-g-14,natural
13,aa,match,1.0,14,ViT-g-14,natural
14,aa,match,1.0,15,ViT-g-14,natural
15,aa,match,1.0,16,ViT-g-14,natural
16,aa,match,1.0,17,ViT-g-14,natural
17,aa,match,1.0,18,ViT-g-14,natural
18,ab,mismatch,0.0,1,ViT-g-14,natural
19,ab,mismatch,1.0741901301189875e-31,2,ViT-g-14,natural
20,ab,mismatch,4.6778187334957366e-14,3,ViT-g-14,natural
21,ab,mismatch,0.0,4,ViT-g-14,natural
22,ab,mismatch,0.0,5,ViT-g-14,natural
23,ab,mismatch,0.0,6,ViT-g-14,natural
24,ab,mismatch,6.2700155416742974e-27,7,ViT-g-14,natural
25,ab,mismatch,0.0,8,ViT-g-14,natural
26,ab,mismatch,0.0,9,ViT-g-14,natural
27,ab,mismatch,0.0,10,ViT-g-14,natural
28,ab,mismatch,1.1036469747642728e-25,11,ViT-g-14,natural
29,ab,mismatch,0.0,12,ViT-g-14,natural
30,ab,mismatch,0.0,13,ViT-g-14,natural
31,ab,mismatch,0.0,14,ViT-g-14,natural
32,ab,mismatch,0.0,15,ViT-g-14,natural
33,ab,mismatch,1.2060437730023539e-34,16,ViT-g-14,natural
34,ab,mismatch,3.348509817481072e-22,17,ViT-g-14,natural
35,ab,mismatch,0.0,18,ViT-g-14,natural
36,ac,mismatch,5.605193857299268e-45,1,ViT-g-14,natural
37,ac,mismatch,1.802527649463866e-33,2,ViT-g-14,natural
38,ac,mismatch,1.323768739696874e-31,3,ViT-g-14,natural
39,ac,mismatch,0.0,4,ViT-g-14,natural
40,ac,mismatch,0.0,5,ViT-g-14,natural
41,ac,mismatch,0.0,6,ViT-g-14,natural
42,ac,mismatch,1.3403150313546216e-36,7,ViT-g-14,natural
43,ac,mismatch,0.0,8,ViT-g-14,natural
44,ac,mismatch,0.0,9,ViT-g-14,natural
45,ac,mismatch,0.0,10,ViT-g-14,natural
46,ac,mismatch,1.5414283107572988e-44,11,ViT-g-14,natural
47,ac,mismatch,0.0,12,ViT-g-14,natural
48,ac,mismatch,0.0,13,ViT-g-14,natural
49,ac,mismatch,0.0,14,ViT-g-14,natural
50,ac,mismatch,1.947076190210047e-40,15,ViT-g-14,natural
51,ac,mismatch,0.0,16,ViT-g-14,natural
52,ac,mismatch,5.433244336488234e-28,17,ViT-g-14,natural
53,ac,mismatch,0.0,18,ViT-g-14,natural
54,bb,match,1.0,1,ViT-g-14,natural
55,bb,match,1.0,2,ViT-g-14,natural
56,bb,match,1.0,3,ViT-g-14,natural
57,bb,match,1.0,4,ViT-g-14,natural
58,bb,match,1.0,5,ViT-g-14,natural
59,bb,match,1.0,6,ViT-g-14,natural
60,bb,match,1.0,7,ViT-g-14,natural
61,bb,match,1.0,8,ViT-g-14,natural
62,bb,match,1.0,9,ViT-g-14,natural
63,bb,match,1.0,10,ViT-g-14,natural
64,bb,match,1.0,11,ViT-g-14,natural
65,bb,match,1.0,12,ViT-g-14,natural
66,bb,match,1.0,13,ViT-g-14,natural
67,bb,match,1.0,14,ViT-g-14,natural
68,bb,match,1.0,15,ViT-g-14,natural
69,bb,match,1.0,16,ViT-g-14,natural
70,bb,match,1.0,17,ViT-g-14,natural
71,bb,match,1.0,18,ViT-g-14,natural
72,ba,mismatch,0.0,1,ViT-g-14,natural
73,ba,mismatch,2.7455209217208676e-09,2,ViT-g-14,natural
74,ba,mismatch,0.0,3,ViT-g-14,natural
75,ba,mismatch,0.0,4,ViT-g-14,natural
76,ba,mismatch,0.0,5,ViT-g-14,natural
77,ba,mismatch,4.985147312804823e-40,6,ViT-g-14,natural
78,ba,mismatch,2.791707091735242e-15,7,ViT-g-14,natural
79,ba,mismatch,0.0,8,ViT-g-14,natural
80,ba,mismatch,0.0,9,ViT-g-14,natural
81,ba,mismatch,2.1566705516965846e-31,10,ViT-g-14,natural
82,ba,mismatch,0.0,11,ViT-g-14,natural
83,ba,mismatch,0.0,12,ViT-g-14,natural
84,ba,mismatch,0.0,13,ViT-g-14,natural
85,ba,mismatch,2.1277836381727866e-08,14,ViT-g-14,natural
86,ba,mismatch,0.0,15,ViT-g-14,natural
87,ba,mismatch,0.0,16,ViT-g-14,natural
88,ba,mismatch,2.4777450039490493e-37,17,ViT-g-14,natural
89,ba,mismatch,4.3895018757520297e-26,18,ViT-g-14,natural
90,bc,mismatch,0.0,1,ViT-g-14,natural
91,bc,mismatch,1.839357193204661e-24,2,ViT-g-14,natural
92,bc,mismatch,0.0,3,ViT-g-14,natural
93,bc,mismatch,0.0,4,ViT-g-14,natural
94,bc,mismatch,0.0,5,ViT-g-14,natural
95,bc,mismatch,6.082099829883634e-25,6,ViT-g-14,natural
96,bc,mismatch,5.2822539907664695e-14,7,ViT-g-14,natural
97,bc,mismatch,0.0,8,ViT-g-14,natural
98,bc,mismatch,0.0,9,ViT-g-14,natural
99,bc,mismatch,0.0,10,ViT-g-14,natural
100,bc,mismatch,0.0,11,ViT-g-14,natural
101,bc,mismatch,0.0,12,ViT-g-14,natural
102,bc,mismatch,0.0,13,ViT-g-14,natural
103,bc,mismatch,3.353115745133306e-12,14,ViT-g-14,natural
104,bc,mismatch,0.0,15,ViT-g-14,natural
105,bc,mismatch,0.0,16,ViT-g-14,natural
106,bc,mismatch,4.677779507170504e-23,17,ViT-g-14,natural
107,bc,mismatch,4.084264232013257e-32,18,ViT-g-14,natural
108,cc,match,1.0,1,ViT-g-14,natural
109,cc,match,1.0,2,ViT-g-14,natural
110,cc,match,1.0,3,ViT-g-14,natural
111,cc,match,1.0,4,ViT-g-14,natural
112,cc,match,1.0,5,ViT-g-14,natural
113,cc,match,1.0,6,ViT-g-14,natural
114,cc,match,1.0,7,ViT-g-14,natural
115,cc,match,1.0,8,ViT-g-14,natural
116,cc,match,1.0,9,ViT-g-14,natural
117,cc,match,1.0,10,ViT-g-14,natural
118,cc,match,1.0,11,ViT-g-14,natural
119,cc,match,1.0,12,ViT-g-14,natural
120,cc,match,1.0,13,ViT-g-14,natural
121,cc,match,1.0,14,ViT-g-14,natural
122,cc,match,1.0,15,ViT-g-14,natural
123,cc,match,1.0,16,ViT-g-14,natural
124,cc,match,1.0,17,ViT-g-14,natural
125,cc,match,1.0,18,ViT-g-14,natural
126,ca,mismatch,0.0,1,ViT-g-14,natural
127,ca,mismatch,5.59855613362408e-20,2,ViT-g-14,natural
128,ca,mismatch,0.0,3,ViT-g-14,natural
129,ca,mismatch,2.579612552079616e-23,4,ViT-g-14,natural
130,ca,mismatch,3.3070643758065687e-43,5,ViT-g-14,natural
131,ca,mismatch,1.6284545645924348e-25,6,ViT-g-14,natural
132,ca,mismatch,3.81803503882956e-32,7,ViT-g-14,natural
133,ca,mismatch,0.0,8,ViT-g-14,natural
134,ca,mismatch,0.0,9,ViT-g-14,natural
135,ca,mismatch,0.0,10,ViT-g-14,natural
136,ca,mismatch,0.0,11,ViT-g-14,natural
137,ca,mismatch,3.2012476428233366e-36,12,ViT-g-14,natural
138,ca,mismatch,5.4720705031884107e-42,13,ViT-g-14,natural
139,ca,mismatch,1.0758799666291364e-38,14,ViT-g-14,natural
140,ca,mismatch,0.0,15,ViT-g-14,natural
141,ca,mismatch,0.0,16,ViT-g-14,natural
142,ca,mismatch,0.0,17,ViT-g-14,natural
143,ca,mismatch,0.0,18,ViT-g-14,natural
144,cb,mismatch,0.0,1,ViT-g-14,natural
145,cb,mismatch,4.819126455465358e-17,2,ViT-g-14,natural
146,cb,mismatch,0.0,3,ViT-g-14,natural
147,cb,mismatch,1.0141133724737632e-16,4,ViT-g-14,natural
148,cb,mismatch,1.1455678028949127e-34,5,ViT-g-14,natural
149,cb,mismatch,1.3114000235683127e-30,6,ViT-g-14,natural
150,cb,mismatch,8.376013541774324e-26,7,ViT-g-14,natural
151,cb,mismatch,0.0,8,ViT-g-14,natural
152,cb,mismatch,0.0,9,ViT-g-14,natural
153,cb,mismatch,0.0,10,ViT-g-14,natural
154,cb,mismatch,0.0,11,ViT-g-14,natural
155,cb,mismatch,8.158927185177137e-39,12,ViT-g-14,natural
156,cb,mismatch,0.0,13,ViT-g-14,natural
157,cb,mismatch,1.4676901789508178e-30,14,ViT-g-14,natural
158,cb,mismatch,1.401298464324817e-45,15,ViT-g-14,natural
159,cb,mismatch,0.0,16,ViT-g-14,natural
160,cb,mismatch,0.0,17,ViT-g-14,natural
161,cb,mismatch,1.2147262816132173e-23,18,ViT-g-14,natural
0,aa,match,0.9998849630355836,1,ViT-B-32,natural
1,aa,match,0.9942142367362976,2,ViT-B-32,natural
2,aa,match,0.930661916732788,3,ViT-B-32,natural
3,aa,match,0.9999992847442628,4,ViT-B-32,natural
4,aa,match,0.999826967716217,5,ViT-B-32,natural
5,aa,match,0.8376994132995605,6,ViT-B-32,natural
6,aa,match,0.9652097225189208,7,ViT-B-32,natural
7,aa,match,0.9999253749847412,8,ViT-B-32,natural
8,aa,match,0.9999710321426392,9,ViT-B-32,natural
9,aa,match,0.9984986782073976,10,ViT-B-32,natural
10,aa,match,0.9995312690734864,11,ViT-B-32,natural
11,aa,match,0.8647316694259644,12,ViT-B-32,natural
12,aa,match,0.9521307349205016,13,ViT-B-32,natural
13,aa,match,0.9999486207962036,14,ViT-B-32,natural
14,aa,match,0.9495753049850464,15,ViT-B-32,natural
15,aa,match,0.9989331364631652,16,ViT-B-32,natural
16,aa,match,0.2157362401485443,17,ViT-B-32,natural
17,aa,match,0.9978235960006714,18,ViT-B-32,natural
18,ab,mismatch,3.431661025388166e-05,1,ViT-B-32,natural
19,ab,mismatch,0.0057014729827642,2,ViT-B-32,natural
20,ab,mismatch,0.0148505186662077,3,ViT-B-32,natural
21,ab,mismatch,5.0625438063889305e-08,4,ViT-B-32,natural
22,ab,mismatch,2.6390127914055483e-06,5,ViT-B-32,natural
23,ab,mismatch,0.000346221437212,6,ViT-B-32,natural
24,ab,mismatch,0.0307549405843019,7,ViT-B-32,natural
25,ab,mismatch,6.975412247811619e-07,8,ViT-B-32,natural
26,ab,mismatch,2.775622124318033e-05,9,ViT-B-32,natural
27,ab,mismatch,0.0015002575237303,10,ViT-B-32,natural
28,ab,mismatch,0.0004686953907366,11,ViT-B-32,natural
29,ab,mismatch,0.0029600311536341,12,ViT-B-32,natural
30,ab,mismatch,0.0127659831196069,13,ViT-B-32,natural
31,ab,mismatch,5.0416452722856775e-05,14,ViT-B-32,natural
32,ab,mismatch,0.0503587760031223,15,ViT-B-32,natural
33,ab,mismatch,0.0010648326715454,16,ViT-B-32,natural
34,ab,mismatch,0.1089397221803665,17,ViT-B-32,natural
35,ab,mismatch,0.0007106902194209,18,ViT-B-32,natural
36,ac,mismatch,8.066576265264302e-05,1,ViT-B-32,natural
37,ac,mismatch,8.429404988419265e-05,2,ViT-B-32,natural
38,ac,mismatch,0.0544874891638755,3,ViT-B-32,natural
39,ac,mismatch,6.566334036506305e-07,4,ViT-B-32,natural
40,ac,mismatch,0.0001704832247924,5,ViT-B-32,natural
41,ac,mismatch,0.1619543433189392,6,ViT-B-32,natural
42,ac,mismatch,0.0040352935902774,7,ViT-B-32,natural
43,ac,mismatch,7.396155706373975e-05,8,ViT-B-32,natural
44,ac,mismatch,1.1460906534921378e-06,9,ViT-B-32,natural
45,ac,mismatch,1.0518873523324146e-06,10,ViT-B-32,natural
46,ac,mismatch,5.564482918885005e-08,11,ViT-B-32,natural
47,ac,mismatch,0.1323082149028778,12,ViT-B-32,natural
48,ac,mismatch,0.0351032242178916,13,ViT-B-32,natural
49,ac,mismatch,9.215286809194368e-07,14,ViT-B-32,natural
50,ac,mismatch,6.583790673175827e-05,15,ViT-B-32,natural
51,ac,mismatch,2.058651489278418e-06,16,ViT-B-32,natural
52,ac,mismatch,0.6753240823745728,17,ViT-B-32,natural
53,ac,mismatch,0.0014657344436272,18,ViT-B-32,natural
54,bb,match,0.9999401569366456,1,ViT-B-32,natural
55,bb,match,0.9999186992645264,2,ViT-B-32,natural
56,bb,match,0.9999533891677856,3,ViT-B-32,natural
57,bb,match,0.9993901252746582,4,ViT-B-32,natural
58,bb,match,0.9996919631958008,5,ViT-B-32,natural
59,bb,match,0.9994226694107056,6,ViT-B-32,natural
60,bb,match,0.9999977350234984,7,ViT-B-32,natural
61,bb,match,0.9999853372573853,8,ViT-B-32,natural
62,bb,match,0.9999947547912598,9,ViT-B-32,natural
63,bb,match,0.9950199127197266,10,ViT-B-32,natural
64,bb,match,0.994421660900116,11,ViT-B-32,natural
65,bb,match,0.999341070652008,12,ViT-B-32,natural
66,bb,match,0.9999769926071168,13,ViT-B-32,natural
67,bb,match,0.999983549118042,14,ViT-B-32,natural
68,bb,match,0.9999998807907104,15,ViT-B-32,natural
69,bb,match,0.9999794960021972,16,ViT-B-32,natural
70,bb,match,0.9999206066131592,17,ViT-B-32,natural
71,bb,match,0.9827065467834472,18,ViT-B-32,natural
72,ba,mismatch,5.13322047481779e-05,1,ViT-B-32,natural
73,ba,mismatch,8.13100123195909e-05,2,ViT-B-32,natural
74,ba,mismatch,4.171280670561828e-05,3,ViT-B-32,natural
75,ba,mismatch,5.364744538383093e-06,4,ViT-B-32,natural
76,ba,mismatch,6.137085165391909e-06,5,ViT-B-32,natural
77,ba,mismatch,1.018191505863797e-05,6,ViT-B-32,natural
78,ba,mismatch,1.680874561316159e-06,7,ViT-B-32,natural
79,ba,mismatch,1.8995051505044105e-06,8,ViT-B-32,natural
80,ba,mismatch,4.549537152342964e-06,9,ViT-B-32,natural
81,ba,mismatch,0.0049792123027145,10,ViT-B-32,natural
82,ba,mismatch,0.0005946340388618,11,ViT-B-32,natural
83,ba,mismatch,7.693778343309532e-07,12,ViT-B-32,natural
84,ba,mismatch,3.519463405154966e-07,13,ViT-B-32,natural
85,ba,mismatch,1.144899579230696e-05,14,ViT-B-32,natural
86,ba,mismatch,7.207788144114603e-08,15,ViT-B-32,natural
87,ba,mismatch,1.2184297702333424e-05,16,ViT-B-32,natural
88,ba,mismatch,7.727412594249472e-07,17,ViT-B-32,natural
89,ba,mismatch,2.385288644290995e-05,18,ViT-B-32,natural
90,bc,mismatch,8.440450983471237e-06,1,ViT-B-32,natural
91,bc,mismatch,4.740132197866843e-08,2,ViT-B-32,natural
92,bc,mismatch,4.890830950898817e-06,3,ViT-B-32,natural
93,bc,mismatch,0.0006045364425517,4,ViT-B-32,natural
94,bc,mismatch,0.000302035419736,5,ViT-B-32,natural
95,bc,mismatch,0.0005672394181601,6,ViT-B-32,natural
96,bc,mismatch,6.290476903814124e-07,7,ViT-B-32,natural
97,bc,mismatch,1.2740476449835114e-05,8,ViT-B-32,natural
98,bc,mismatch,6.662689884251449e-07,9,ViT-B-32,natural
99,bc,mismatch,8.317182391692768e-07,10,ViT-B-32,natural
100,bc,mismatch,0.0049836933612823,11,ViT-B-32,natural
101,bc,mismatch,0.0006581826601177,12,ViT-B-32,natural
102,bc,mismatch,2.268882599310018e-05,13,ViT-B-32,natural
103,bc,mismatch,5.0204962462885305e-06,14,ViT-B-32,natural
104,bc,mismatch,4.238743755990981e-08,15,ViT-B-32,natural
105,bc,mismatch,8.364734640053939e-06,16,ViT-B-32,natural
106,bc,mismatch,7.868400280131027e-05,17,ViT-B-32,natural
107,bc,mismatch,0.0172695349901914,18,ViT-B-32,natural
108,cc,match,0.9999986886978148,1,ViT-B-32,natural
109,cc,match,0.8261734843254089,2,ViT-B-32,natural
110,cc,match,0.9999986886978148,3,ViT-B-32,natural
111,cc,match,0.9998470544815063,4,ViT-B-32,natural
112,cc,match,0.0777573436498642,5,ViT-B-32,natural
113,cc,match,0.9999955892562866,6,ViT-B-32,natural
114,cc,match,0.5465273857116699,7,ViT-B-32,natural
115,cc,match,1.0,8,ViT-B-32,natural
116,cc,match,0.997301697731018,9,ViT-B-32,natural
117,cc,match,0.9996346235275269,10,ViT-B-32,natural
118,cc,match,0.999743402004242,11,ViT-B-32,natural
119,cc,match,0.9979708790779114,12,ViT-B-32,natural
120,cc,match,0.9999969005584716,13,ViT-B-32,natural
121,cc,match,0.9997959733009338,14,ViT-B-32,natural
122,cc,match,0.0144819002598524,15,ViT-B-32,natural
123,cc,match,0.999016046524048,16,ViT-B-32,natural
124,cc,match,0.9999887943267822,17,ViT-B-32,natural
125,cc,match,0.9999271631240844,18,ViT-B-32,natural
126,ca,mismatch,1.2086246670151013e-06,1,ViT-B-32,natural
127,ca,mismatch,0.0043206582777202,2,ViT-B-32,natural
128,ca,mismatch,1.2855612112616654e-06,3,ViT-B-32,natural
129,ca,mismatch,3.0099283321760595e-05,4,ViT-B-32,natural
130,ca,mismatch,0.0005014739581383,5,ViT-B-32,natural
131,ca,mismatch,3.970571924583055e-06,6,ViT-B-32,natural
132,ca,mismatch,0.0005306400125846,7,ViT-B-32,natural
133,ca,mismatch,4.258744468188525e-08,8,ViT-B-32,natural
134,ca,mismatch,0.0008541822317056,9,ViT-B-32,natural
135,ca,mismatch,0.0002591336960904,10,ViT-B-32,natural
136,ca,mismatch,2.2502140382130165e-06,11,ViT-B-32,natural
137,ca,mismatch,0.0011712192790582,12,ViT-B-32,natural
138,ca,mismatch,2.055424275226869e-08,13,ViT-B-32,natural
139,ca,mismatch,4.631810384125856e-07,14,ViT-B-32,natural
140,ca,mismatch,0.0001762871397659,15,ViT-B-32,natural
141,ca,mismatch,0.0004820471804123,16,ViT-B-32,natural
142,ca,mismatch,2.1279598172441186e-07,17,ViT-B-32,natural
143,ca,mismatch,5.151381401446997e-07,18,ViT-B-32,natural
144,cb,mismatch,4.965550459701262e-08,1,ViT-B-32,natural
145,cb,mismatch,0.1695058047771453,2,ViT-B-32,natural
146,cb,mismatch,7.59828111540628e-08,3,ViT-B-32,natural
147,cb,mismatch,0.0001227833417942,4,ViT-B-32,natural
148,cb,mismatch,0.9217411875724792,5,ViT-B-32,natural
149,cb,mismatch,4.523882068951935e-07,6,ViT-B-32,natural
150,cb,mismatch,0.4529419541358948,7,ViT-B-32,natural
151,cb,mismatch,3.3897792905968055e-10,8,ViT-B-32,natural
152,cb,mismatch,0.001844089012593,9,ViT-B-32,natural
153,cb,mismatch,0.0001062620722223,10,ViT-B-32,natural
154,cb,mismatch,0.0002543597074691,11,ViT-B-32,natural
155,cb,mismatch,0.0008578356937505,12,ViT-B-32,natural
156,cb,mismatch,3.082542889387696e-06,13,ViT-B-32,natural
157,cb,mismatch,0.0002035545476246,14,ViT-B-32,natural
158,cb,mismatch,0.9853417873382568,15,ViT-B-32,natural
159,cb,mismatch,0.0005019366508349,16,ViT-B-32,natural
160,cb,mismatch,1.1033384907932486e-05,17,ViT-B-32,natural
161,cb,mismatch,7.229620678117499e-05,18,ViT-B-32,natural
0,aa,match,0.9999991655349731,1,imagebind,natural
1,aa,match,0.9999974966049194,2,imagebind,natural
2,aa,match,0.999962329864502,3,imagebind,natural
3,aa,match,1.0,4,imagebind,natural
4,aa,match,1.0,5,imagebind,natural
5,aa,match,0.9998948574066162,6,imagebind,natural
6,aa,match,0.999997854232788,7,imagebind,natural
7,aa,match,1.0,8,imagebind,natural
8,aa,match,1.0,9,imagebind,natural
9,aa,match,1.0,10,imagebind,natural
10,aa,match,0.9999982118606568,11,imagebind,natural
11,aa,match,1.0,12,imagebind,natural
12,aa,match,1.0,13,imagebind,natural
13,aa,match,1.0,14,imagebind,natural
14,aa,match,0.9999998807907104,15,imagebind,natural
15,aa,match,0.9999955892562866,16,imagebind,natural
16,aa,match,0.999588429927826,17,imagebind,natural
17,aa,match,1.0,18,imagebind,natural
18,ab,mismatch,3.6306624373594327e-10,1,imagebind,natural
19,ab,mismatch,2.239715740870452e-06,2,imagebind,natural
20,ab,mismatch,3.6029927287017927e-05,3,imagebind,natural
21,ab,mismatch,1.1616616696352722e-10,4,imagebind,natural
22,ab,mismatch,3.2784582340572577e-13,5,imagebind,natural
23,ab,mismatch,5.425249138824029e-09,6,imagebind,natural
24,ab,mismatch,2.019958401433541e-06,7,imagebind,natural
25,ab,mismatch,8.881056445808611e-10,8,imagebind,natural
26,ab,mismatch,4.1898043368071564e-10,9,imagebind,natural
27,ab,mismatch,1.1933137811226402e-09,10,imagebind,natural
28,ab,mismatch,1.833685587371292e-06,11,imagebind,natural
29,ab,mismatch,6.040664635165172e-10,12,imagebind,natural
30,ab,mismatch,4.083073434912876e-09,13,imagebind,natural
31,ab,mismatch,1.6472583297399979e-09,14,imagebind,natural
32,ab,mismatch,1.0117434356970989e-07,15,imagebind,natural
33,ab,mismatch,4.420327513798839e-06,16,imagebind,natural
34,ab,mismatch,0.0003993509453721,17,imagebind,natural
35,ab,mismatch,1.4424399452650503e-09,18,imagebind,natural
36,ac,mismatch,7.875902952036995e-07,1,imagebind,natural
37,ac,mismatch,1.8789035038935253e-07,2,imagebind,natural
38,ac,mismatch,1.689125951997994e-06,3,imagebind,natural
39,ac,mismatch,1.953173844881917e-09,4,imagebind,natural
40,ac,mismatch,9.538036864226856e-14,5,imagebind,natural
41,ac,mismatch,0.0001051470389938,6,imagebind,natural
42,ac,mismatch,1.1575095726357176e-07,7,imagebind,natural
43,ac,mismatch,3.1626741225920796e-09,8,imagebind,natural
44,ac,mismatch,5.391939783550015e-09,9,imagebind,natural
45,ac,mismatch,1.6216958331760625e-12,10,imagebind,natural
46,ac,mismatch,6.566867605251048e-10,11,imagebind,natural
47,ac,mismatch,8.892892644496442e-09,12,imagebind,natural
48,ac,mismatch,9.450181082115703e-09,13,imagebind,natural
49,ac,mismatch,9.493289834794359e-12,14,imagebind,natural
50,ac,mismatch,1.9954354613105352e-08,15,imagebind,natural
51,ac,mismatch,5.4512097058534445e-09,16,imagebind,natural
52,ac,mismatch,1.2218519259477034e-05,17,imagebind,natural
53,ac,mismatch,6.281848374811715e-10,18,imagebind,natural
54,bb,match,1.0,1,imagebind,natural
55,bb,match,0.9995755553245544,2,imagebind,natural
56,bb,match,0.9999997615814208,3,imagebind,natural
57,bb,match,0.9999998807907104,4,imagebind,natural
58,bb,match,1.0,5,imagebind,natural
59,bb,match,0.9997885823249816,6,imagebind,natural
60,bb,match,0.9999616146087646,7,imagebind,natural
61,bb,match,1.0,8,imagebind,natural
62,bb,match,0.9999998807907104,9,imagebind,natural
63,bb,match,0.9999997615814208,10,imagebind,natural
64,bb,match,0.9999998807907104,11,imagebind,natural
65,bb,match,0.9999998807907104,12,imagebind,natural
66,bb,match,0.9999998807907104,13,imagebind,natural
67,bb,match,0.9993364214897156,14,imagebind,natural
68,bb,match,1.0,15,imagebind,natural
69,bb,match,1.0,16,imagebind,natural
70,bb,match,0.9999936819076538,17,imagebind,natural
71,bb,match,0.9999942779541016,18,imagebind,natural
72,ba,mismatch,8.982816660646488e-13,1,imagebind,natural
73,ba,mismatch,0.0004174055356997,2,imagebind,natural
74,ba,mismatch,2.649525470133085e-07,3,imagebind,natural
75,ba,mismatch,3.391169289823637e-10,4,imagebind,natural
76,ba,mismatch,2.0834200684105572e-11,5,imagebind,natural
77,ba,mismatch,1.5197969105429365e-07,6,imagebind,natural
78,ba,mismatch,3.143399226246402e-05,7,imagebind,natural
79,ba,mismatch,1.577920303100222e-12,8,imagebind,natural
80,ba,mismatch,6.017326370511e-08,9,imagebind,natural
81,ba,mismatch,2.395153728684818e-07,10,imagebind,natural
82,ba,mismatch,3.643834345368191e-09,11,imagebind,natural
83,ba,mismatch,6.275826212875923e-13,12,imagebind,natural
84,ba,mismatch,1.0856410170845265e-07,13,imagebind,natural
85,ba,mismatch,0.0006165314116515,14,imagebind,natural
86,ba,mismatch,1.660628340567627e-12,15,imagebind,natural
87,ba,mismatch,6.819885910343272e-13,16,imagebind,natural
88,ba,mismatch,5.541922746488126e-06,17,imagebind,natural
89,ba,mismatch,5.719819910154911e-06,18,imagebind,natural
90,bc,mismatch,1.6253977805076418e-14,1,imagebind,natural
91,bc,mismatch,7.072233984217746e-06,2,imagebind,natural
92,bc,mismatch,5.3388005821775047e-11,3,imagebind,natural
93,bc,mismatch,1.0617814183433438e-07,4,imagebind,natural
94,bc,mismatch,1.4920449320499072e-09,5,imagebind,natural
95,bc,mismatch,0.0002113159716827,6,imagebind,natural
96,bc,mismatch,6.865215709694894e-06,7,imagebind,natural
97,bc,mismatch,3.00669808061399e-13,8,imagebind,natural
98,bc,mismatch,8.259731565374295e-09,9,imagebind,natural
99,bc,mismatch,2.2726967530140027e-10,10,imagebind,natural
100,bc,mismatch,8.931397843525701e-08,11,imagebind,natural
101,bc,mismatch,1.5921999363399666e-07,12,imagebind,natural
102,bc,mismatch,1.181773345848569e-09,13,imagebind,natural
103,bc,mismatch,4.700503632193431e-05,14,imagebind,natural
104,bc,mismatch,1.0391228988382295e-09,15,imagebind,natural
105,bc,mismatch,2.1987155206324577e-13,16,imagebind,natural
106,bc,mismatch,8.658358296997903e-07,17,imagebind,natural
107,bc,mismatch,2.5343206644379282e-08,18,imagebind,natural
108,cc,match,1.0,1,imagebind,natural
109,cc,match,0.9977046847343444,2,imagebind,natural
110,cc,match,1.0,3,imagebind,natural
111,cc,match,0.9999929666519164,4,imagebind,natural
112,cc,match,0.9997527003288268,5,imagebind,natural
113,cc,match,1.0,6,imagebind,natural
114,cc,match,0.9999998807907104,7,imagebind,natural
115,cc,match,1.0,8,imagebind,natural
116,cc,match,1.0,9,imagebind,natural
117,cc,match,1.0,10,imagebind,natural
118,cc,match,1.0,11,imagebind,natural
119,cc,match,0.9999982118606568,12,imagebind,natural
120,cc,match,1.0,13,imagebind,natural
121,cc,match,0.9999979734420776,14,imagebind,natural
122,cc,match,0.99999737739563,15,imagebind,natural
123,cc,match,1.0,16,imagebind,natural
124,cc,match,0.9999974966049194,17,imagebind,natural
125,cc,match,0.999990701675415,18,imagebind,natural
126,ca,mismatch,6.444029754248959e-10,1,imagebind,natural
127,ca,mismatch,0.0009542402112856,2,imagebind,natural
128,ca,mismatch,1.3691081254818547e-11,3,imagebind,natural
129,ca,mismatch,1.760555505825323e-06,4,imagebind,natural
130,ca,mismatch,2.4654742247776085e-08,5,imagebind,natural
131,ca,mismatch,5.206725717243898e-09,6,imagebind,natural
132,ca,mismatch,6.35393888614999e-08,7,imagebind,natural
133,ca,mismatch,1.108471529896824e-14,8,imagebind,natural
134,ca,mismatch,5.04187731564798e-08,9,imagebind,natural
135,ca,mismatch,8.459363851770485e-13,10,imagebind,natural
136,ca,mismatch,3.511768512706043e-13,11,imagebind,natural
137,ca,mismatch,1.0121698323928283e-06,12,imagebind,natural
138,ca,mismatch,5.458225427190655e-09,13,imagebind,natural
139,ca,mismatch,3.110685042884142e-09,14,imagebind,natural
140,ca,mismatch,3.338682885711819e-09,15,imagebind,natural
141,ca,mismatch,3.3332225868321075e-11,16,imagebind,natural
142,ca,mismatch,8.066775762927136e-07,17,imagebind,natural
143,ca,mismatch,3.2215393547252447e-11,18,imagebind,natural
144,cb,mismatch,1.7877222271978077e-11,1,imagebind,natural
145,cb,mismatch,0.0013411282561719,2,imagebind,natural
146,cb,mismatch,3.219495796260436e-13,3,imagebind,natural
147,cb,mismatch,5.274647264741361e-06,4,imagebind,natural
148,cb,mismatch,0.0002473132626619,5,imagebind,natural
149,cb,mismatch,8.672365603423771e-10,6,imagebind,natural
150,cb,mismatch,1.92813698340899e-09,7,imagebind,natural
151,cb,mismatch,1.669563603036786e-14,8,imagebind,natural
152,cb,mismatch,1.8833561099551588e-10,9,imagebind,natural
153,cb,mismatch,2.0877879286507195e-11,10,imagebind,natural
154,cb,mismatch,1.2021564299580234e-10,11,imagebind,natural
155,cb,mismatch,7.168903266574489e-07,12,imagebind,natural
156,cb,mismatch,1.2095953128010706e-09,13,imagebind,natural
157,cb,mismatch,1.9892108866770286e-06,14,imagebind,natural
158,cb,mismatch,2.605370582386968e-06,15,imagebind,natural
159,cb,mismatch,1.2825006681649319e-11,16,imagebind,natural
160,cb,mismatch,1.7078895098165958e-06,17,imagebind,natural
161,cb,mismatch,9.246843546861784e-06,18,imagebind,natural
0,aa,match,1.0,1,ViT-bigG-14,natural
1,aa,match,1.0,2,ViT-bigG-14,natural
2,aa,match,1.0,3,ViT-bigG-14,natural
3,aa,match,1.0,4,ViT-bigG-14,natural
4,aa,match,1.0,5,ViT-bigG-14,natural
5,aa,match,1.0,6,ViT-bigG-14,natural
6,aa,match,1.0,7,ViT-bigG-14,natural
7,aa,match,1.0,8,ViT-bigG-14,natural
8,aa,match,1.0,9,ViT-bigG-14,natural
9,aa,match,1.0,10,ViT-bigG-14,natural
10,aa,match,1.0,11,ViT-bigG-14,natural
11,aa,match,1.0,12,ViT-bigG-14,natural
12,aa,match,1.0,13,ViT-bigG-14,natural
13,aa,match,1.0,14,ViT-bigG-14,natural
14,aa,match,1.0,15,ViT-bigG-14,natural
15,aa,match,1.0,16,ViT-bigG-14,natural
16,aa,match,1.0,17,ViT-bigG-14,natural
17,aa,match,1.0,18,ViT-bigG-14,natural
18,ab,mismatch,0.0,1,ViT-bigG-14,natural
19,ab,mismatch,0.0,2,ViT-bigG-14,natural
20,ab,mismatch,0.0,3,ViT-bigG-14,natural
21,ab,mismatch,0.0,4,ViT-bigG-14,natural
22,ab,mismatch,0.0,5,ViT-bigG-14,natural
23,ab,mismatch,0.0,6,ViT-bigG-14,natural
24,ab,mismatch,0.0,7,ViT-bigG-14,natural
25,ab,mismatch,0.0,8,ViT-bigG-14,natural
26,ab,mismatch,0.0,9,ViT-bigG-14,natural
27,ab,mismatch,0.0,10,ViT-bigG-14,natural
28,ab,mismatch,0.0,11,ViT-bigG-14,natural
29,ab,mismatch,0.0,12,ViT-bigG-14,natural
30,ab,mismatch,0.0,13,ViT-bigG-14,natural
31,ab,mismatch,0.0,14,ViT-bigG-14,natural
32,ab,mismatch,0.0,15,ViT-bigG-14,natural
33,ab,mismatch,0.0,16,ViT-bigG-14,natural
34,ab,mismatch,1.9451669210524043e-38,17,ViT-bigG-14,natural
35,ab,mismatch,0.0,18,ViT-bigG-14,natural
36,ac,mismatch,0.0,1,ViT-bigG-14,natural
37,ac,mismatch,0.0,2,ViT-bigG-14,natural
38,ac,mismatch,0.0,3,ViT-bigG-14,natural
39,ac,mismatch,0.0,4,ViT-bigG-14,natural
40,ac,mismatch,0.0,5,ViT-bigG-14,natural
41,ac,mismatch,0.0,6,ViT-bigG-14,natural
42,ac,mismatch,0.0,7,ViT-bigG-14,natural
43,ac,mismatch,0.0,8,ViT-bigG-14,natural
44,ac,mismatch,0.0,9,ViT-bigG-14,natural
45,ac,mismatch,0.0,10,ViT-bigG-14,natural
46,ac,mismatch,0.0,11,ViT-bigG-14,natural
47,ac,mismatch,0.0,12,ViT-bigG-14,natural
48,ac,mismatch,0.0,13,ViT-bigG-14,natural
49,ac,mismatch,0.0,14,ViT-bigG-14,natural
50,ac,mismatch,0.0,15,ViT-bigG-14,natural
51,ac,mismatch,0.0,16,ViT-bigG-14,natural
52,ac,mismatch,0.0,17,ViT-bigG-14,natural
53,ac,mismatch,0.0,18,ViT-bigG-14,natural
54,bb,match,1.0,1,ViT-bigG-14,natural
55,bb,match,1.0,2,ViT-bigG-14,natural
56,bb,match,1.0,3,ViT-bigG-14,natural
57,bb,match,1.0,4,ViT-bigG-14,natural
58,bb,match,1.0,5,ViT-bigG-14,natural
59,bb,match,1.0,6,ViT-bigG-14,natural
60,bb,match,1.0,7,ViT-bigG-14,natural
61,bb,match,1.0,8,ViT-bigG-14,natural
62,bb,match,1.0,9,ViT-bigG-14,natural
63,bb,match,1.0,10,ViT-bigG-14,natural
64,bb,match,1.0,11,ViT-bigG-14,natural
65,bb,match,1.0,12,ViT-bigG-14,natural
66,bb,match,1.0,13,ViT-bigG-14,natural
67,bb,match,0.043332889676094,14,ViT-bigG-14,natural
68,bb,match,1.0,15,ViT-bigG-14,natural
69,bb,match,1.0,16,ViT-bigG-14,natural
70,bb,match,1.0,17,ViT-bigG-14,natural
71,bb,match,1.0,18,ViT-bigG-14,natural
72,ba,mismatch,0.0,1,ViT-bigG-14,natural
73,ba,mismatch,0.0,2,ViT-bigG-14,natural
74,ba,mismatch,0.0,3,ViT-bigG-14,natural
75,ba,mismatch,0.0,4,ViT-bigG-14,natural
76,ba,mismatch,0.0,5,ViT-bigG-14,natural
77,ba,mismatch,0.0,6,ViT-bigG-14,natural
78,ba,mismatch,0.0,7,ViT-bigG-14,natural
79,ba,mismatch,0.0,8,ViT-bigG-14,natural
80,ba,mismatch,0.0,9,ViT-bigG-14,natural
81,ba,mismatch,0.0,10,ViT-bigG-14,natural
82,ba,mismatch,0.0,11,ViT-bigG-14,natural
83,ba,mismatch,0.0,12,ViT-bigG-14,natural
84,ba,mismatch,0.0,13,ViT-bigG-14,natural
85,ba,mismatch,0.9566670656204224,14,ViT-bigG-14,natural
86,ba,mismatch,0.0,15,ViT-bigG-14,natural
87,ba,mismatch,0.0,16,ViT-bigG-14,natural
88,ba,mismatch,0.0,17,ViT-bigG-14,natural
89,ba,mismatch,0.0,18,ViT-bigG-14,natural
90,bc,mismatch,0.0,1,ViT-bigG-14,natural
91,bc,mismatch,0.0,2,ViT-bigG-14,natural
92,bc,mismatch,0.0,3,ViT-bigG-14,natural
93,bc,mismatch,0.0,4,ViT-bigG-14,natural
94,bc,mismatch,0.0,5,ViT-bigG-14,natural
95,bc,mismatch,0.0,6,ViT-bigG-14,natural
96,bc,mismatch,0.0,7,ViT-bigG-14,natural
97,bc,mismatch,0.0,8,ViT-bigG-14,natural
98,bc,mismatch,0.0,9,ViT-bigG-14,natural
99,bc,mismatch,0.0,10,ViT-bigG-14,natural
100,bc,mismatch,0.0,11,ViT-bigG-14,natural
101,bc,mismatch,0.0,12,ViT-bigG-14,natural
102,bc,mismatch,0.0,13,ViT-bigG-14,natural
103,bc,mismatch,2.177950296006587e-25,14,ViT-bigG-14,natural
104,bc,mismatch,0.0,15,ViT-bigG-14,natural
105,bc,mismatch,0.0,16,ViT-bigG-14,natural
106,bc,mismatch,0.0,17,ViT-bigG-14,natural
107,bc,mismatch,0.0,18,ViT-bigG-14,natural
108,cc,match,1.0,1,ViT-bigG-14,natural
109,cc,match,1.0,2,ViT-bigG-14,natural
110,cc,match,1.0,3,ViT-bigG-14,natural
111,cc,match,1.0,4,ViT-bigG-14,natural
112,cc,match,1.0,5,ViT-bigG-14,natural
113,cc,match,1.0,6,ViT-bigG-14,natural
114,cc,match,1.0,7,ViT-bigG-14,natural
115,cc,match,1.0,8,ViT-bigG-14,natural
116,cc,match,1.0,9,ViT-bigG-14,natural
117,cc,match,1.0,10,ViT-bigG-14,natural
118,cc,match,1.0,11,ViT-bigG-14,natural
119,cc,match,1.0,12,ViT-bigG-14,natural
120,cc,match,1.0,13,ViT-bigG-14,natural
121,cc,match,1.0,14,ViT-bigG-14,natural
122,cc,match,1.0,15,ViT-bigG-14,natural
123,cc,match,1.0,16,ViT-bigG-14,natural
124,cc,match,1.0,17,ViT-bigG-14,natural
125,cc,match,1.0,18,ViT-bigG-14,natural
126,ca,mismatch,0.0,1,ViT-bigG-14,natural
127,ca,mismatch,0.0,2,ViT-bigG-14,natural
128,ca,mismatch,0.0,3,ViT-bigG-14,natural
129,ca,mismatch,0.0,4,ViT-bigG-14,natural
130,ca,mismatch,0.0,5,ViT-bigG-14,natural
131,ca,mismatch,0.0,6,ViT-bigG-14,natural
132,ca,mismatch,0.0,7,ViT-bigG-14,natural
133,ca,mismatch,0.0,8,ViT-bigG-14,natural
134,ca,mismatch,0.0,9,ViT-bigG-14,natural
135,ca,mismatch,0.0,10,ViT-bigG-14,natural
136,ca,mismatch,0.0,11,ViT-bigG-14,natural
137,ca,mismatch,0.0,12,ViT-bigG-14,natural
138,ca,mismatch,0.0,13,ViT-bigG-14,natural
139,ca,mismatch,0.0,14,ViT-bigG-14,natural
140,ca,mismatch,0.0,15,ViT-bigG-14,natural
141,ca,mismatch,0.0,16,ViT-bigG-14,natural
142,ca,mismatch,0.0,17,ViT-bigG-14,natural
143,ca,mismatch,0.0,18,ViT-bigG-14,natural
144,cb,mismatch,0.0,1,ViT-bigG-14,natural
145,cb,mismatch,2.7628887400399393e-31,2,ViT-bigG-14,natural
146,cb,mismatch,0.0,3,ViT-bigG-14,natural
147,cb,mismatch,0.0,4,ViT-bigG-14,natural
148,cb,mismatch,0.0,5,ViT-bigG-14,natural
149,cb,mismatch,0.0,6,ViT-bigG-14,natural
150,cb,mismatch,0.0,7,ViT-bigG-14,natural
151,cb,mismatch,0.0,8,ViT-bigG-14,natural
152,cb,mismatch,0.0,9,ViT-bigG-14,natural
153,cb,mismatch,0.0,10,ViT-bigG-14,natural
154,cb,mismatch,0.0,11,ViT-bigG-14,natural
155,cb,mismatch,0.0,12,ViT-bigG-14,natural
156,cb,mismatch,0.0,13,ViT-bigG-14,natural
157,cb,mismatch,0.0,14,ViT-bigG-14,natural
158,cb,mismatch,0.0,15,ViT-bigG-14,natural
159,cb,mismatch,0.0,16,ViT-bigG-14,natural
160,cb,mismatch,0.0,17,ViT-bigG-14,natural
161,cb,mismatch,0.0,18,ViT-bigG-14,natural
0,aa,match,1.0,1,ViT-H-14,natural
1,aa,match,1.0,2,ViT-H-14,natural
2,aa,match,1.0,3,ViT-H-14,natural
3,aa,match,1.0,4,ViT-H-14,natural
4,aa,match,1.0,5,ViT-H-14,natural
5,aa,match,1.0,6,ViT-H-14,natural
6,aa,match,1.0,7,ViT-H-14,natural
7,aa,match,1.0,8,ViT-H-14,natural
8,aa,match,1.0,9,ViT-H-14,natural
9,aa,match,1.0,10,ViT-H-14,natural
10,aa,match,1.0,11,ViT-H-14,natural
11,aa,match,1.0,12,ViT-H-14,natural
12,aa,match,1.0,13,ViT-H-14,natural
13,aa,match,1.0,14,ViT-H-14,natural
14,aa,match,1.0,15,ViT-H-14,natural
15,aa,match,1.0,16,ViT-H-14,natural
16,aa,match,0.9522585868835448,17,ViT-H-14,natural
17,aa,match,1.0,18,ViT-H-14,natural
18,ab,mismatch,1.8602203841481212e-34,1,ViT-H-14,natural
19,ab,mismatch,1.6707843998599282e-17,2,ViT-H-14,natural
20,ab,mismatch,2.672010836574501e-20,3,ViT-H-14,natural
21,ab,mismatch,0.0,4,ViT-H-14,natural
22,ab,mismatch,0.0,5,ViT-H-14,natural
23,ab,mismatch,9.641213694247606e-40,6,ViT-H-14,natural
24,ab,mismatch,1.399812471733553e-22,7,ViT-H-14,natural
25,ab,mismatch,1.4793113120799955e-34,8,ViT-H-14,natural
26,ab,mismatch,5.605193857299268e-45,9,ViT-H-14,natural
27,ab,mismatch,8.323712878089413e-43,10,ViT-H-14,natural
28,ab,mismatch,1.0483132872486662e-18,11,ViT-H-14,natural
29,ab,mismatch,5.423595477337202e-35,12,ViT-H-14,natural
30,ab,mismatch,1.1722209725421697e-17,13,ViT-H-14,natural
31,ab,mismatch,6.87165726851572e-32,14,ViT-H-14,natural
32,ab,mismatch,1.8997912058467942e-20,15,ViT-H-14,natural
33,ab,mismatch,1.268200180483928e-22,16,ViT-H-14,natural
34,ab,mismatch,1.362166858598357e-05,17,ViT-H-14,natural
35,ab,mismatch,1.4721344828496189e-33,18,ViT-H-14,natural
36,ac,mismatch,7.713296391166145e-23,1,ViT-H-14,natural
37,ac,mismatch,2.545102751356827e-20,2,ViT-H-14,natural
38,ac,mismatch,1.8741396235857627e-25,3,ViT-H-14,natural
39,ac,mismatch,2.4867386495969627e-39,4,ViT-H-14,natural
40,ac,mismatch,0.0,5,ViT-H-14,natural
41,ac,mismatch,9.870126149617229e-30,6,ViT-H-14,natural
42,ac,mismatch,4.034992733075736e-22,7,ViT-H-14,natural
43,ac,mismatch,3.613976272492916e-31,8,ViT-H-14,natural
44,ac,mismatch,9.635608500390307e-41,9,ViT-H-14,natural
45,ac,mismatch,0.0,10,ViT-H-14,natural
46,ac,mismatch,6.370654082418775e-33,11,ViT-H-14,natural
47,ac,mismatch,3.538050857274434e-31,12,ViT-H-14,natural
48,ac,mismatch,2.9590180157954764e-16,13,ViT-H-14,natural
49,ac,mismatch,5.717100880036985e-37,14,ViT-H-14,natural
50,ac,mismatch,9.814209647169424e-25,15,ViT-H-14,natural
51,ac,mismatch,8.518882320242709e-36,16,ViT-H-14,natural
52,ac,mismatch,0.0477277189493179,17,ViT-H-14,natural
53,ac,mismatch,2.2081732552706193e-34,18,ViT-H-14,natural
54,bb,match,1.0,1,ViT-H-14,natural
55,bb,match,0.999998927116394,2,ViT-H-14,natural
56,bb,match,1.0,3,ViT-H-14,natural
57,bb,match,1.0,4,ViT-H-14,natural
58,bb,match,1.0,5,ViT-H-14,natural
59,bb,match,1.0,6,ViT-H-14,natural
60,bb,match,0.9999998807907104,7,ViT-H-14,natural
61,bb,match,1.0,8,ViT-H-14,natural
62,bb,match,1.0,9,ViT-H-14,natural
63,bb,match,1.0,10,ViT-H-14,natural
64,bb,match,1.0,11,ViT-H-14,natural
65,bb,match,1.0,12,ViT-H-14,natural
66,bb,match,1.0,13,ViT-H-14,natural
67,bb,match,1.0,14,ViT-H-14,natural
68,bb,match,1.0,15,ViT-H-14,natural
69,bb,match,1.0,16,ViT-H-14,natural
70,bb,match,1.0,17,ViT-H-14,natural
71,bb,match,1.0,18,ViT-H-14,natural
72,ba,mismatch,0.0,1,ViT-H-14,natural
73,ba,mismatch,1.0387448128312826e-06,2,ViT-H-14,natural
74,ba,mismatch,7.665610438774381e-28,3,ViT-H-14,natural
75,ba,mismatch,2.8564617205795087e-37,4,ViT-H-14,natural
76,ba,mismatch,4.580396264369243e-40,5,ViT-H-14,natural
77,ba,mismatch,2.1891728205708784e-22,6,ViT-H-14,natural
78,ba,mismatch,1.0205094014281713e-07,7,ViT-H-14,natural
79,ba,mismatch,0.0,8,ViT-H-14,natural
80,ba,mismatch,4.030601151656693e-33,9,ViT-H-14,natural
81,ba,mismatch,1.606393114028334e-15,10,ViT-H-14,natural
82,ba,mismatch,1.614001558224681e-40,11,ViT-H-14,natural
83,ba,mismatch,0.0,12,ViT-H-14,natural
84,ba,mismatch,1.6093478460246583e-39,13,ViT-H-14,natural
85,ba,mismatch,2.777216900895496e-09,14,ViT-H-14,natural
86,ba,mismatch,0.0,15,ViT-H-14,natural
87,ba,mismatch,1.401298464324817e-45,16,ViT-H-14,natural
88,ba,mismatch,8.066839009234021e-21,17,ViT-H-14,natural
89,ba,mismatch,1.8888022018819064e-18,18,ViT-H-14,natural
90,bc,mismatch,0.0,1,ViT-H-14,natural
91,bc,mismatch,2.2156873503900026e-13,2,ViT-H-14,natural
92,bc,mismatch,2.3681944047089412e-43,3,ViT-H-14,natural
93,bc,mismatch,5.9843284863277384e-27,4,ViT-H-14,natural
94,bc,mismatch,6.218704907185684e-35,5,ViT-H-14,natural
95,bc,mismatch,1.5566992413561872e-19,6,ViT-H-14,natural
96,bc,mismatch,8.267072026946208e-10,7,ViT-H-14,natural
97,bc,mismatch,0.0,8,ViT-H-14,natural
98,bc,mismatch,8.152802109589573e-38,9,ViT-H-14,natural
99,bc,mismatch,2.917418902022201e-27,10,ViT-H-14,natural
100,bc,mismatch,4.334523838529353e-34,11,ViT-H-14,natural
101,bc,mismatch,5.4098683768345614e-30,12,ViT-H-14,natural
102,bc,mismatch,1.1575706224248016e-39,13,ViT-H-14,natural
103,bc,mismatch,1.7156257317574308e-11,14,ViT-H-14,natural
104,bc,mismatch,1.1176616421608306e-40,15,ViT-H-14,natural
105,bc,mismatch,0.0,16,ViT-H-14,natural
106,bc,mismatch,5.710531492120197e-10,17,ViT-H-14,natural
107,bc,mismatch,5.487047211711133e-27,18,ViT-H-14,natural
108,cc,match,1.0,1,ViT-H-14,natural
109,cc,match,0.9999721050262452,2,ViT-H-14,natural
110,cc,match,1.0,3,ViT-H-14,natural
111,cc,match,1.0,4,ViT-H-14,natural
112,cc,match,1.0,5,ViT-H-14,natural
113,cc,match,1.0,6,ViT-H-14,natural
114,cc,match,1.0,7,ViT-H-14,natural
115,cc,match,1.0,8,ViT-H-14,natural
116,cc,match,1.0,9,ViT-H-14,natural
117,cc,match,1.0,10,ViT-H-14,natural
118,cc,match,1.0,11,ViT-H-14,natural
119,cc,match,1.0,12,ViT-H-14,natural
120,cc,match,1.0,13,ViT-H-14,natural
121,cc,match,1.0,14,ViT-H-14,natural
122,cc,match,1.0,15,ViT-H-14,natural
123,cc,match,1.0,16,ViT-H-14,natural
124,cc,match,1.0,17,ViT-H-14,natural
125,cc,match,1.0,18,ViT-H-14,natural
126,ca,mismatch,1.0928988149510753e-36,1,ViT-H-14,natural
127,ca,mismatch,2.777303961920552e-05,2,ViT-H-14,natural
128,ca,mismatch,1.401298464324817e-45,3,ViT-H-14,natural
129,ca,mismatch,6.583714026007957e-20,4,ViT-H-14,natural
130,ca,mismatch,4.243496294666298e-25,5,ViT-H-14,natural
131,ca,mismatch,1.2877711144396514e-18,6,ViT-H-14,natural
132,ca,mismatch,2.925797805272405e-21,7,ViT-H-14,natural
133,ca,mismatch,0.0,8,ViT-H-14,natural
134,ca,mismatch,1.6998045629980855e-31,9,ViT-H-14,natural
135,ca,mismatch,0.0,10,ViT-H-14,natural
136,ca,mismatch,0.0,11,ViT-H-14,natural
137,ca,mismatch,5.62646323735884e-24,12,ViT-H-14,natural
138,ca,mismatch,5.194193017712798e-41,13,ViT-H-14,natural
139,ca,mismatch,1.491913055012789e-29,14,ViT-H-14,natural
140,ca,mismatch,3.644398394604096e-35,15,ViT-H-14,natural
141,ca,mismatch,2.5832882034720447e-36,16,ViT-H-14,natural
142,ca,mismatch,6.652622420428138e-39,17,ViT-H-14,natural
143,ca,mismatch,1.016980925888267e-37,18,ViT-H-14,natural
144,cb,mismatch,2.424246343281933e-43,1,ViT-H-14,natural
145,cb,mismatch,6.388492579390005e-08,2,ViT-H-14,natural
146,cb,mismatch,0.0,3,ViT-H-14,natural
147,cb,mismatch,2.551627041503111e-19,4,ViT-H-14,natural
148,cb,mismatch,1.0591459133346692e-11,5,ViT-H-14,natural
149,cb,mismatch,4.893671015406864e-25,6,ViT-H-14,natural
150,cb,mismatch,2.1513246554150332e-28,7,ViT-H-14,natural
151,cb,mismatch,0.0,8,ViT-H-14,natural
152,cb,mismatch,1.2541621255707113e-42,9,ViT-H-14,natural
153,cb,mismatch,2.424246343281933e-43,10,ViT-H-14,natural
154,cb,mismatch,3.446429393537221e-38,11,ViT-H-14,natural
155,cb,mismatch,1.9150298588293443e-25,12,ViT-H-14,natural
156,cb,mismatch,4.504245445870501e-37,13,ViT-H-14,natural
157,cb,mismatch,8.049282726772597e-22,14,ViT-H-14,natural
158,cb,mismatch,1.9169068005667376e-19,15,ViT-H-14,natural
159,cb,mismatch,1.3519702360433475e-38,16,ViT-H-14,natural
160,cb,mismatch,4.3459621791645714e-35,17,ViT-H-14,natural
161,cb,mismatch,9.786387268799824e-19,18,ViT-H-14,natural
0,aa,match,1.0,1,ViT-L-14-336,natural
1,aa,match,1.0,2,ViT-L-14-336,natural
2,aa,match,1.0,3,ViT-L-14-336,natural
3,aa,match,1.0,4,ViT-L-14-336,natural
4,aa,match,1.0,5,ViT-L-14-336,natural
5,aa,match,1.0,6,ViT-L-14-336,natural
6,aa,match,0.9999940395355223,7,ViT-L-14-336,natural
7,aa,match,1.0,8,ViT-L-14-336,natural
8,aa,match,1.0,9,ViT-L-14-336,natural
9,aa,match,1.0,10,ViT-L-14-336,natural
10,aa,match,1.0,11,ViT-L-14-336,natural
11,aa,match,1.0,12,ViT-L-14-336,natural
12,aa,match,0.9999998807907104,13,ViT-L-14-336,natural
13,aa,match,1.0,14,ViT-L-14-336,natural
14,aa,match,1.0,15,ViT-L-14-336,natural
15,aa,match,1.0,16,ViT-L-14-336,natural
16,aa,match,1.0,17,ViT-L-14-336,natural
17,aa,match,1.0,18,ViT-L-14-336,natural
18,ab,mismatch,2.3564532693230987e-17,1,ViT-L-14-336,natural
19,ab,mismatch,2.689573625813107e-17,2,ViT-L-14-336,natural
20,ab,mismatch,2.3805352762813762e-14,3,ViT-L-14-336,natural
21,ab,mismatch,2.1256003030447633e-24,4,ViT-L-14-336,natural
22,ab,mismatch,1.8828685913691628e-24,5,ViT-L-14-336,natural
23,ab,mismatch,5.911461467733483e-16,6,ViT-L-14-336,natural
24,ab,mismatch,6.016333372826921e-06,7,ViT-L-14-336,natural
25,ab,mismatch,8.001041953468528e-28,8,ViT-L-14-336,natural
26,ab,mismatch,5.188966186527207e-14,9,ViT-L-14-336,natural
27,ab,mismatch,1.6221368692725946e-10,10,ViT-L-14-336,natural
28,ab,mismatch,1.0017333506749312e-15,11,ViT-L-14-336,natural
29,ab,mismatch,6.6228099393494935e-12,12,ViT-L-14-336,natural
30,ab,mismatch,1.067616772765234e-09,13,ViT-L-14-336,natural
31,ab,mismatch,6.357474607044116e-17,14,ViT-L-14-336,natural
32,ab,mismatch,8.350609700252809e-13,15,ViT-L-14-336,natural
33,ab,mismatch,6.205826063332442e-16,16,ViT-L-14-336,natural
34,ab,mismatch,2.956886775021066e-15,17,ViT-L-14-336,natural
35,ab,mismatch,5.76556136605791e-17,18,ViT-L-14-336,natural
36,ac,mismatch,6.03573972994141e-16,1,ViT-L-14-336,natural
37,ac,mismatch,8.651545842383905e-22,2,ViT-L-14-336,natural
38,ac,mismatch,8.032426807025317e-11,3,ViT-L-14-336,natural
39,ac,mismatch,9.365097978971973e-19,4,ViT-L-14-336,natural
40,ac,mismatch,3.2335051076550744e-19,5,ViT-L-14-336,natural
41,ac,mismatch,3.0049943089416326e-10,6,ViT-L-14-336,natural
42,ac,mismatch,1.0295228753710861e-13,7,ViT-L-14-336,natural
43,ac,mismatch,5.150548328399399e-22,8,ViT-L-14-336,natural
44,ac,mismatch,3.562472853605586e-14,9,ViT-L-14-336,natural
45,ac,mismatch,9.603839881342794e-19,10,ViT-L-14-336,natural
46,ac,mismatch,3.67586538369568e-22,11,ViT-L-14-336,natural
47,ac,mismatch,7.779205231372988e-12,12,ViT-L-14-336,natural
48,ac,mismatch,1.2221542533552565e-07,13,ViT-L-14-336,natural
49,ac,mismatch,7.55059035847633e-22,14,ViT-L-14-336,natural
50,ac,mismatch,6.158870791901401e-16,15,ViT-L-14-336,natural
51,ac,mismatch,4.203738119862473e-15,16,ViT-L-14-336,natural
52,ac,mismatch,3.320676837954948e-15,17,ViT-L-14-336,natural
53,ac,mismatch,6.515426897004199e-14,18,ViT-L-14-336,natural
54,bb,match,1.0,1,ViT-L-14-336,natural
55,bb,match,1.0,2,ViT-L-14-336,natural
56,bb,match,1.0,3,ViT-L-14-336,natural
57,bb,match,1.0,4,ViT-L-14-336,natural
58,bb,match,1.0,5,ViT-L-14-336,natural
59,bb,match,1.0,6,ViT-L-14-336,natural
60,bb,match,1.0,7,ViT-L-14-336,natural
61,bb,match,1.0,8,ViT-L-14-336,natural
62,bb,match,1.0,9,ViT-L-14-336,natural
63,bb,match,1.0,10,ViT-L-14-336,natural
64,bb,match,1.0,11,ViT-L-14-336,natural
65,bb,match,1.0,12,ViT-L-14-336,natural
66,bb,match,1.0,13,ViT-L-14-336,natural
67,bb,match,1.0,14,ViT-L-14-336,natural
68,bb,match,1.0,15,ViT-L-14-336,natural
69,bb,match,1.0,16,ViT-L-14-336,natural
70,bb,match,1.0,17,ViT-L-14-336,natural
71,bb,match,1.0,18,ViT-L-14-336,natural
72,ba,mismatch,2.05976236632547e-24,1,ViT-L-14-336,natural
73,ba,mismatch,1.0287232871108998e-11,2,ViT-L-14-336,natural
74,ba,mismatch,2.19139603788469e-14,3,ViT-L-14-336,natural
75,ba,mismatch,5.9098547521116595e-18,4,ViT-L-14-336,natural
76,ba,mismatch,9.966459352684505e-14,5,ViT-L-14-336,natural
77,ba,mismatch,2.706455343176465e-15,6,ViT-L-14-336,natural
78,ba,mismatch,1.872748847018716e-22,7,ViT-L-14-336,natural
79,ba,mismatch,9.833796479373449e-20,8,ViT-L-14-336,natural
80,ba,mismatch,1.8663028310593272e-21,9,ViT-L-14-336,natural
81,ba,mismatch,5.116449930397948e-09,10,ViT-L-14-336,natural
82,ba,mismatch,3.2884921270581263e-16,11,ViT-L-14-336,natural
83,ba,mismatch,1.0741778684269947e-16,12,ViT-L-14-336,natural
84,ba,mismatch,3.082467356175661e-19,13,ViT-L-14-336,natural
85,ba,mismatch,1.7714599301739365e-15,14,ViT-L-14-336,natural
86,ba,mismatch,2.968760303961077e-26,15,ViT-L-14-336,natural
87,ba,mismatch,1.4142758573433568e-17,16,ViT-L-14-336,natural
88,ba,mismatch,1.9184079091369209e-25,17,ViT-L-14-336,natural
89,ba,mismatch,7.305633181742266e-11,18,ViT-L-14-336,natural
90,bc,mismatch,6.168311803543074e-27,1,ViT-L-14-336,natural
91,bc,mismatch,3.9572206403695513e-22,2,ViT-L-14-336,natural
92,bc,mismatch,7.1934376443148035e-19,3,ViT-L-14-336,natural
93,bc,mismatch,2.5643735535305506e-17,4,ViT-L-14-336,natural
94,bc,mismatch,7.724498991834583e-12,5,ViT-L-14-336,natural
95,bc,mismatch,7.307719533666823e-12,6,ViT-L-14-336,natural
96,bc,mismatch,1.1033384947132204e-27,7,ViT-L-14-336,natural
97,bc,mismatch,7.620200222819795e-17,8,ViT-L-14-336,natural
98,bc,mismatch,5.958521096270605e-19,9,ViT-L-14-336,natural
99,bc,mismatch,1.3104448844553649e-15,10,ViT-L-14-336,natural
100,bc,mismatch,1.4816354311722609e-15,11,ViT-L-14-336,natural
101,bc,mismatch,8.345658386588184e-09,12,ViT-L-14-336,natural
102,bc,mismatch,6.479533537051118e-15,13,ViT-L-14-336,natural
103,bc,mismatch,4.751992272094105e-21,14,ViT-L-14-336,natural
104,bc,mismatch,2.488577215564e-18,15,ViT-L-14-336,natural
105,bc,mismatch,8.069541433989528e-15,16,ViT-L-14-336,natural
106,bc,mismatch,5.962720280635464e-14,17,ViT-L-14-336,natural
107,bc,mismatch,4.800046582431605e-09,18,ViT-L-14-336,natural
108,cc,match,1.0,1,ViT-L-14-336,natural
109,cc,match,1.0,2,ViT-L-14-336,natural
110,cc,match,1.0,3,ViT-L-14-336,natural
111,cc,match,1.0,4,ViT-L-14-336,natural
112,cc,match,1.0,5,ViT-L-14-336,natural
113,cc,match,1.0,6,ViT-L-14-336,natural
114,cc,match,0.9997603297233582,7,ViT-L-14-336,natural
115,cc,match,1.0,8,ViT-L-14-336,natural
116,cc,match,1.0,9,ViT-L-14-336,natural
117,cc,match,1.0,10,ViT-L-14-336,natural
118,cc,match,1.0,11,ViT-L-14-336,natural
119,cc,match,1.0,12,ViT-L-14-336,natural
120,cc,match,1.0,13,ViT-L-14-336,natural
121,cc,match,1.0,14,ViT-L-14-336,natural
122,cc,match,1.0,15,ViT-L-14-336,natural
123,cc,match,1.0,16,ViT-L-14-336,natural
124,cc,match,1.0,17,ViT-L-14-336,natural
125,cc,match,1.0,18,ViT-L-14-336,natural
126,ca,mismatch,3.06658008278934e-16,1,ViT-L-14-336,natural
127,ca,mismatch,4.492822346796599e-12,2,ViT-L-14-336,natural
128,ca,mismatch,1.7610976396793136e-22,3,ViT-L-14-336,natural
129,ca,mismatch,2.33218964973414e-11,4,ViT-L-14-336,natural
130,ca,mismatch,1.0451402410183164e-08,5,ViT-L-14-336,natural
131,ca,mismatch,1.241256267053957e-18,6,ViT-L-14-336,natural
132,ca,mismatch,1.2432416207630581e-12,7,ViT-L-14-336,natural
133,ca,mismatch,2.1482526411534106e-25,8,ViT-L-14-336,natural
134,ca,mismatch,5.774403616613372e-19,9,ViT-L-14-336,natural
135,ca,mismatch,1.9510510584941248e-17,10,ViT-L-14-336,natural
136,ca,mismatch,3.741095143774456e-29,11,ViT-L-14-336,natural
137,ca,mismatch,8.509205709841816e-13,12,ViT-L-14-336,natural
138,ca,mismatch,1.0558624477115549e-18,13,ViT-L-14-336,natural
139,ca,mismatch,2.8620098469755035e-17,14,ViT-L-14-336,natural
140,ca,mismatch,6.801166346683679e-17,15,ViT-L-14-336,natural
141,ca,mismatch,6.115466176706129e-16,16,ViT-L-14-336,natural
142,ca,mismatch,1.9611910520331064e-18,17,ViT-L-14-336,natural
143,ca,mismatch,6.581313651267905e-17,18,ViT-L-14-336,natural
144,cb,mismatch,1.2972327164787626e-18,1,ViT-L-14-336,natural
145,cb,mismatch,1.1463998639271722e-09,2,ViT-L-14-336,natural
146,cb,mismatch,9.625805145521257e-20,3,ViT-L-14-336,natural
147,cb,mismatch,2.065928591393762e-12,4,ViT-L-14-336,natural
148,cb,mismatch,9.13683351200234e-09,5,ViT-L-14-336,natural
149,cb,mismatch,1.3121035627360878e-18,6,ViT-L-14-336,natural
150,cb,mismatch,0.0002396914351265,7,ViT-L-14-336,natural
151,cb,mismatch,1.4694443738725273e-29,8,ViT-L-14-336,natural
152,cb,mismatch,8.180327187612273e-19,9,ViT-L-14-336,natural
153,cb,mismatch,1.8080654449888213e-17,10,ViT-L-14-336,natural
154,cb,mismatch,8.818889165506071e-21,11,ViT-L-14-336,natural
155,cb,mismatch,1.7087016480552e-12,12,ViT-L-14-336,natural
156,cb,mismatch,3.400591643671312e-15,13,ViT-L-14-336,natural
157,cb,mismatch,2.413369492042152e-14,14,ViT-L-14-336,natural
158,cb,mismatch,1.4172513163046574e-10,15,ViT-L-14-336,natural
159,cb,mismatch,2.643535896204733e-17,16,ViT-L-14-336,natural
160,cb,mismatch,3.4799713363232494e-16,17,ViT-L-14-336,natural
161,cb,mismatch,9.91308701792093e-11,18,ViT-L-14-336,natural
0,aa,match,1.0,1,ViT-L-14-336,synthetic
1,aa,match,1.0,2,ViT-L-14-336,synthetic
2,aa,match,1.0,3,ViT-L-14-336,synthetic
3,aa,match,1.0,4,ViT-L-14-336,synthetic
4,aa,match,1.0,5,ViT-L-14-336,synthetic
5,aa,match,1.0,6,ViT-L-14-336,synthetic
6,aa,match,0.9725039601325988,7,ViT-L-14-336,synthetic
7,aa,match,1.0,8,ViT-L-14-336,synthetic
8,aa,match,1.0,9,ViT-L-14-336,synthetic
9,aa,match,1.0,10,ViT-L-14-336,synthetic
10,aa,match,1.0,11,ViT-L-14-336,synthetic
11,aa,match,1.0,12,ViT-L-14-336,synthetic
12,aa,match,0.9999871253967284,13,ViT-L-14-336,synthetic
13,aa,match,0.9999997615814208,14,ViT-L-14-336,synthetic
14,aa,match,1.0,15,ViT-L-14-336,synthetic
15,aa,match,1.0,16,ViT-L-14-336,synthetic
16,aa,match,1.0,17,ViT-L-14-336,synthetic
17,aa,match,1.0,18,ViT-L-14-336,synthetic
18,ab,mismatch,7.737721412039897e-17,1,ViT-L-14-336,synthetic
19,ab,mismatch,1.1458055552503296e-16,2,ViT-L-14-336,synthetic
20,ab,mismatch,2.1995124092292345e-13,3,ViT-L-14-336,synthetic
21,ab,mismatch,9.417170006038172e-15,4,ViT-L-14-336,synthetic
22,ab,mismatch,1.0998375197775537e-13,5,ViT-L-14-336,synthetic
23,ab,mismatch,4.1059270713419823e-19,6,ViT-L-14-336,synthetic
24,ab,mismatch,0.0274960938841104,7,ViT-L-14-336,synthetic
25,ab,mismatch,1.0682121712056956e-23,8,ViT-L-14-336,synthetic
26,ab,mismatch,4.474616715295556e-15,9,ViT-L-14-336,synthetic
27,ab,mismatch,5.818781220745528e-12,10,ViT-L-14-336,synthetic
28,ab,mismatch,9.455543139647634e-15,11,ViT-L-14-336,synthetic
29,ab,mismatch,1.3260376130475038e-09,12,ViT-L-14-336,synthetic
30,ab,mismatch,9.2073014457128e-06,13,ViT-L-14-336,synthetic
31,ab,mismatch,2.015837168301005e-07,14,ViT-L-14-336,synthetic
32,ab,mismatch,4.8679536963913694e-12,15,ViT-L-14-336,synthetic
33,ab,mismatch,4.2227890157084574e-20,16,ViT-L-14-336,synthetic
34,ab,mismatch,7.156027160341173e-18,17,ViT-L-14-336,synthetic
35,ab,mismatch,8.128147643610053e-15,18,ViT-L-14-336,synthetic
36,ac,mismatch,3.506061009889865e-16,1,ViT-L-14-336,synthetic
37,ac,mismatch,3.853934640286857e-22,2,ViT-L-14-336,synthetic
38,ac,mismatch,9.160935031393702e-12,3,ViT-L-14-336,synthetic
39,ac,mismatch,1.0724661159144944e-09,4,ViT-L-14-336,synthetic
40,ac,mismatch,2.9871063955688726e-11,5,ViT-L-14-336,synthetic
41,ac,mismatch,2.4155905140738065e-13,6,ViT-L-14-336,synthetic
42,ac,mismatch,8.713730258180785e-12,7,ViT-L-14-336,synthetic
43,ac,mismatch,4.2845119271016363e-13,8,ViT-L-14-336,synthetic
44,ac,mismatch,9.268306506657073e-15,9,ViT-L-14-336,synthetic
45,ac,mismatch,4.7588132809734006e-21,10,ViT-L-14-336,synthetic
46,ac,mismatch,1.60231225831022e-21,11,ViT-L-14-336,synthetic
47,ac,mismatch,9.312367500388665e-13,12,ViT-L-14-336,synthetic
48,ac,mismatch,3.653452722574002e-06,13,ViT-L-14-336,synthetic
49,ac,mismatch,1.4818224772228383e-14,14,ViT-L-14-336,synthetic
50,ac,mismatch,8.425805626127715e-13,15,ViT-L-14-336,synthetic
51,ac,mismatch,8.119546990177642e-19,16,ViT-L-14-336,synthetic
52,ac,mismatch,1.0047807719312449e-13,17,ViT-L-14-336,synthetic
53,ac,mismatch,1.5174673854718298e-13,18,ViT-L-14-336,synthetic
54,bb,match,1.0,1,ViT-L-14-336,synthetic
55,bb,match,1.0,2,ViT-L-14-336,synthetic
56,bb,match,1.0,3,ViT-L-14-336,synthetic
57,bb,match,1.0,4,ViT-L-14-336,synthetic
58,bb,match,1.0,5,ViT-L-14-336,synthetic
59,bb,match,1.0,6,ViT-L-14-336,synthetic
60,bb,match,1.0,7,ViT-L-14-336,synthetic
61,bb,match,1.0,8,ViT-L-14-336,synthetic
62,bb,match,1.0,9,ViT-L-14-336,synthetic
63,bb,match,1.0,10,ViT-L-14-336,synthetic
64,bb,match,1.0,11,ViT-L-14-336,synthetic
65,bb,match,0.999997854232788,12,ViT-L-14-336,synthetic
66,bb,match,1.0,13,ViT-L-14-336,synthetic
67,bb,match,1.0,14,ViT-L-14-336,synthetic
68,bb,match,1.0,15,ViT-L-14-336,synthetic
69,bb,match,1.0,16,ViT-L-14-336,synthetic
70,bb,match,1.0,17,ViT-L-14-336,synthetic
71,bb,match,1.0,18,ViT-L-14-336,synthetic
72,ba,mismatch,2.918910032254802e-20,1,ViT-L-14-336,synthetic
73,ba,mismatch,1.1680096451659186e-13,2,ViT-L-14-336,synthetic
74,ba,mismatch,3.105610386910929e-13,3,ViT-L-14-336,synthetic
75,ba,mismatch,5.738553455836911e-16,4,ViT-L-14-336,synthetic
76,ba,mismatch,6.181897170814271e-14,5,ViT-L-14-336,synthetic
77,ba,mismatch,2.1004810552060706e-19,6,ViT-L-14-336,synthetic
78,ba,mismatch,1.2834570501580462e-23,7,ViT-L-14-336,synthetic
79,ba,mismatch,9.349618102863789e-24,8,ViT-L-14-336,synthetic
80,ba,mismatch,3.83115612387642e-22,9,ViT-L-14-336,synthetic
81,ba,mismatch,1.8739231087000485e-12,10,ViT-L-14-336,synthetic
82,ba,mismatch,1.757854489928444e-16,11,ViT-L-14-336,synthetic
83,ba,mismatch,3.50559884753802e-16,12,ViT-L-14-336,synthetic
84,ba,mismatch,6.012642993761639e-24,13,ViT-L-14-336,synthetic
85,ba,mismatch,8.046754765400731e-17,14,ViT-L-14-336,synthetic
86,ba,mismatch,6.986071441654012e-26,15,ViT-L-14-336,synthetic
87,ba,mismatch,1.631789808764978e-15,16,ViT-L-14-336,synthetic
88,ba,mismatch,4.721873499841101e-12,17,ViT-L-14-336,synthetic
89,ba,mismatch,2.2909236489653725e-18,18,ViT-L-14-336,synthetic
90,bc,mismatch,3.3661197172405023e-22,1,ViT-L-14-336,synthetic
91,bc,mismatch,1.7314893548780896e-20,2,ViT-L-14-336,synthetic
92,bc,mismatch,2.057144933667447e-19,3,ViT-L-14-336,synthetic
93,bc,mismatch,2.5685945900219597e-16,4,ViT-L-14-336,synthetic
94,bc,mismatch,4.396640690407239e-11,5,ViT-L-14-336,synthetic
95,bc,mismatch,3.8234335402592696e-14,6,ViT-L-14-336,synthetic
96,bc,mismatch,7.816795194366633e-22,7,ViT-L-14-336,synthetic
97,bc,mismatch,4.167886497457869e-17,8,ViT-L-14-336,synthetic
98,bc,mismatch,7.027166380386043e-22,9,ViT-L-14-336,synthetic
99,bc,mismatch,8.266909216303964e-19,10,ViT-L-14-336,synthetic
100,bc,mismatch,1.1852529913347057e-15,11,ViT-L-14-336,synthetic
101,bc,mismatch,2.14191072700487e-06,12,ViT-L-14-336,synthetic
102,bc,mismatch,1.6345900575023897e-19,13,ViT-L-14-336,synthetic
103,bc,mismatch,5.85479231658421e-17,14,ViT-L-14-336,synthetic
104,bc,mismatch,4.371322387410487e-18,15,ViT-L-14-336,synthetic
105,bc,mismatch,6.479515275020775e-13,16,ViT-L-14-336,synthetic
106,bc,mismatch,3.8389935674842945e-09,17,ViT-L-14-336,synthetic
107,bc,mismatch,2.0058115003060992e-15,18,ViT-L-14-336,synthetic
108,cc,match,1.0,1,ViT-L-14-336,synthetic
109,cc,match,1.0,2,ViT-L-14-336,synthetic
110,cc,match,1.0,3,ViT-L-14-336,synthetic
111,cc,match,1.0,4,ViT-L-14-336,synthetic
112,cc,match,1.0,5,ViT-L-14-336,synthetic
113,cc,match,1.0,6,ViT-L-14-336,synthetic
114,cc,match,0.0016654895152896,7,ViT-L-14-336,synthetic
115,cc,match,1.0,8,ViT-L-14-336,synthetic
116,cc,match,0.9999984502792358,9,ViT-L-14-336,synthetic
117,cc,match,1.0,10,ViT-L-14-336,synthetic
118,cc,match,1.0,11,ViT-L-14-336,synthetic
119,cc,match,0.9995930790901184,12,ViT-L-14-336,synthetic
120,cc,match,1.0,13,ViT-L-14-336,synthetic
121,cc,match,1.0,14,ViT-L-14-336,synthetic
122,cc,match,1.0,15,ViT-L-14-336,synthetic
123,cc,match,1.0,16,ViT-L-14-336,synthetic
124,cc,match,1.0,17,ViT-L-14-336,synthetic
125,cc,match,1.0,18,ViT-L-14-336,synthetic
126,ca,mismatch,2.6971294257239e-14,1,ViT-L-14-336,synthetic
127,ca,mismatch,3.648624235857642e-14,2,ViT-L-14-336,synthetic
128,ca,mismatch,5.750854463120584e-21,3,ViT-L-14-336,synthetic
129,ca,mismatch,1.4726119635425618e-18,4,ViT-L-14-336,synthetic
130,ca,mismatch,1.6433455616270132e-16,5,ViT-L-14-336,synthetic
131,ca,mismatch,2.2438906970030052e-17,6,ViT-L-14-336,synthetic
132,ca,mismatch,2.5361998612360987e-10,7,ViT-L-14-336,synthetic
133,ca,mismatch,1.4898247195717642e-23,8,ViT-L-14-336,synthetic
134,ca,mismatch,1.244609279638098e-06,9,ViT-L-14-336,synthetic
135,ca,mismatch,5.3195541824476875e-17,10,ViT-L-14-336,synthetic
136,ca,mismatch,1.3063096019848545e-19,11,ViT-L-14-336,synthetic
137,ca,mismatch,1.0275806007650655e-16,12,ViT-L-14-336,synthetic
138,ca,mismatch,9.768792599503423e-17,13,ViT-L-14-336,synthetic
139,ca,mismatch,9.57538486827097e-18,14,ViT-L-14-336,synthetic
140,ca,mismatch,2.990354274964857e-12,15,ViT-L-14-336,synthetic
141,ca,mismatch,3.5678749049507065e-20,16,ViT-L-14-336,synthetic
142,ca,mismatch,8.60316708565949e-22,17,ViT-L-14-336,synthetic
143,ca,mismatch,1.152241686395647e-13,18,ViT-L-14-336,synthetic
144,cb,mismatch,1.1555060677298615e-16,1,ViT-L-14-336,synthetic
145,cb,mismatch,1.4083573716960897e-12,2,ViT-L-14-336,synthetic
146,cb,mismatch,1.0598919880861271e-14,3,ViT-L-14-336,synthetic
147,cb,mismatch,2.534316648954236e-15,4,ViT-L-14-336,synthetic
148,cb,mismatch,5.576706631205132e-13,5,ViT-L-14-336,synthetic
149,cb,mismatch,1.7764300775580956e-19,6,ViT-L-14-336,synthetic
150,cb,mismatch,0.9983345866203308,7,ViT-L-14-336,synthetic
151,cb,mismatch,1.5929090921303535e-28,8,ViT-L-14-336,synthetic
152,cb,mismatch,2.6788111995301733e-07,9,ViT-L-14-336,synthetic
153,cb,mismatch,5.236542968383297e-17,10,ViT-L-14-336,synthetic
154,cb,mismatch,2.3346595483416093e-15,11,ViT-L-14-336,synthetic
155,cb,mismatch,0.0004069443966727,12,ViT-L-14-336,synthetic
156,cb,mismatch,2.970606746699467e-11,13,ViT-L-14-336,synthetic
157,cb,mismatch,1.155920452129526e-16,14,ViT-L-14-336,synthetic
158,cb,mismatch,2.8620119607580822e-08,15,ViT-L-14-336,synthetic
159,cb,mismatch,9.35335201427372e-19,16,ViT-L-14-336,synthetic
160,cb,mismatch,3.309467326353715e-18,17,ViT-L-14-336,synthetic
161,cb,mismatch,2.2637677843384552e-10,18,ViT-L-14-336,synthetic
0,aa,match,1.0,1,ViT-H-14,synthetic
1,aa,match,1.0,2,ViT-H-14,synthetic
2,aa,match,1.0,3,ViT-H-14,synthetic
3,aa,match,1.0,4,ViT-H-14,synthetic
4,aa,match,1.0,5,ViT-H-14,synthetic
5,aa,match,1.0,6,ViT-H-14,synthetic
6,aa,match,1.0,7,ViT-H-14,synthetic
7,aa,match,1.0,8,ViT-H-14,synthetic
8,aa,match,1.0,9,ViT-H-14,synthetic
9,aa,match,1.0,10,ViT-H-14,synthetic
10,aa,match,1.0,11,ViT-H-14,synthetic
11,aa,match,1.0,12,ViT-H-14,synthetic
12,aa,match,0.9999992847442628,13,ViT-H-14,synthetic
13,aa,match,1.0,14,ViT-H-14,synthetic
14,aa,match,1.0,15,ViT-H-14,synthetic
15,aa,match,1.0,16,ViT-H-14,synthetic
16,aa,match,0.9999959468841552,17,ViT-H-14,synthetic
17,aa,match,1.0,18,ViT-H-14,synthetic
18,ab,mismatch,0.0,1,ViT-H-14,synthetic
19,ab,mismatch,3.0863588936064888e-21,2,ViT-H-14,synthetic
20,ab,mismatch,4.211001141827981e-26,3,ViT-H-14,synthetic
21,ab,mismatch,5.303394794528781e-36,4,ViT-H-14,synthetic
22,ab,mismatch,6.375230605187472e-31,5,ViT-H-14,synthetic
23,ab,mismatch,0.0,6,ViT-H-14,synthetic
24,ab,mismatch,3.2572076873995164e-22,7,ViT-H-14,synthetic
25,ab,mismatch,1.8216880036222624e-44,8,ViT-H-14,synthetic
26,ab,mismatch,3.699427945817517e-43,9,ViT-H-14,synthetic
27,ab,mismatch,2.9847657290118604e-43,10,ViT-H-14,synthetic
28,ab,mismatch,8.764139146859368e-25,11,ViT-H-14,synthetic
29,ab,mismatch,5.39276548188374e-23,12,ViT-H-14,synthetic
30,ab,mismatch,7.320372219510318e-07,13,ViT-H-14,synthetic
31,ab,mismatch,2.7585022631397243e-20,14,ViT-H-14,synthetic
32,ab,mismatch,2.8897410506156795e-11,15,ViT-H-14,synthetic
33,ab,mismatch,1.6382089331439537e-36,16,ViT-H-14,synthetic
34,ab,mismatch,2.2348185524379e-09,17,ViT-H-14,synthetic
35,ab,mismatch,4.6644782151429575e-34,18,ViT-H-14,synthetic
36,ac,mismatch,0.0,1,ViT-H-14,synthetic
37,ac,mismatch,2.8421837959381947e-19,2,ViT-H-14,synthetic
38,ac,mismatch,4.8082140827771575e-34,3,ViT-H-14,synthetic
39,ac,mismatch,7.452781939151224e-29,4,ViT-H-14,synthetic
40,ac,mismatch,4.937309785829703e-38,5,ViT-H-14,synthetic
41,ac,mismatch,1.4992453257661968e-35,6,ViT-H-14,synthetic
42,ac,mismatch,6.0902719358236575e-25,7,ViT-H-14,synthetic
43,ac,mismatch,4.1204754086493437e-25,8,ViT-H-14,synthetic
44,ac,mismatch,3.9526122442674185e-33,9,ViT-H-14,synthetic
45,ac,mismatch,0.0,10,ViT-H-14,synthetic
46,ac,mismatch,1.5765186459919956e-38,11,ViT-H-14,synthetic
47,ac,mismatch,5.199398989605925e-25,12,ViT-H-14,synthetic
48,ac,mismatch,1.21001832888829e-14,13,ViT-H-14,synthetic
49,ac,mismatch,3.3756163395541213e-18,14,ViT-H-14,synthetic
50,ac,mismatch,9.824722695794652e-20,15,ViT-H-14,synthetic
51,ac,mismatch,8.407790785948902e-45,16,ViT-H-14,synthetic
52,ac,mismatch,4.028426701552235e-06,17,ViT-H-14,synthetic
53,ac,mismatch,2.827417007309448e-38,18,ViT-H-14,synthetic
54,bb,match,1.0,1,ViT-H-14,synthetic
55,bb,match,0.9999949932098388,2,ViT-H-14,synthetic
56,bb,match,1.0,3,ViT-H-14,synthetic
57,bb,match,1.0,4,ViT-H-14,synthetic
58,bb,match,1.0,5,ViT-H-14,synthetic
59,bb,match,1.0,6,ViT-H-14,synthetic
60,bb,match,0.9999898672103882,7,ViT-H-14,synthetic
61,bb,match,1.0,8,ViT-H-14,synthetic
62,bb,match,1.0,9,ViT-H-14,synthetic
63,bb,match,1.0,10,ViT-H-14,synthetic
64,bb,match,1.0,11,ViT-H-14,synthetic
65,bb,match,1.0,12,ViT-H-14,synthetic
66,bb,match,1.0,13,ViT-H-14,synthetic
67,bb,match,1.0,14,ViT-H-14,synthetic
68,bb,match,1.0,15,ViT-H-14,synthetic
69,bb,match,1.0,16,ViT-H-14,synthetic
70,bb,match,1.0,17,ViT-H-14,synthetic
71,bb,match,1.0,18,ViT-H-14,synthetic
72,ba,mismatch,1.401298464324817e-44,1,ViT-H-14,synthetic
73,ba,mismatch,4.948905825585825e-06,2,ViT-H-14,synthetic
74,ba,mismatch,1.3868937382043362e-26,3,ViT-H-14,synthetic
75,ba,mismatch,1.0147396943439824e-32,4,ViT-H-14,synthetic
76,ba,mismatch,5.327296763576305e-30,5,ViT-H-14,synthetic
77,ba,mismatch,3.566484015558678e-29,6,ViT-H-14,synthetic
78,ba,mismatch,5.343893576537084e-07,7,ViT-H-14,synthetic
79,ba,mismatch,0.0,8,ViT-H-14,synthetic
80,ba,mismatch,2.2574918260272806e-42,9,ViT-H-14,synthetic
81,ba,mismatch,2.10687898188156e-17,10,ViT-H-14,synthetic
82,ba,mismatch,8.407790785948902e-45,11,ViT-H-14,synthetic
83,ba,mismatch,6.950780618318231e-38,12,ViT-H-14,synthetic
84,ba,mismatch,2.2513261127842509e-41,13,ViT-H-14,synthetic
85,ba,mismatch,1.9162502140623872e-10,14,ViT-H-14,synthetic
86,ba,mismatch,0.0,15,ViT-H-14,synthetic
87,ba,mismatch,6.947357526429577e-41,16,ViT-H-14,synthetic
88,ba,mismatch,2.659559046414375e-16,17,ViT-H-14,synthetic
89,ba,mismatch,6.640594122295545e-27,18,ViT-H-14,synthetic
90,bc,mismatch,0.0,1,ViT-H-14,synthetic
91,bc,mismatch,8.145027485589527e-14,2,ViT-H-14,synthetic
92,bc,mismatch,3.299815178590923e-38,3,ViT-H-14,synthetic
93,bc,mismatch,2.767728593248268e-25,4,ViT-H-14,synthetic
94,bc,mismatch,1.6416763544929542e-34,5,ViT-H-14,synthetic
95,bc,mismatch,1.1776336497303884e-27,6,ViT-H-14,synthetic
96,bc,mismatch,9.648496416048148e-06,7,ViT-H-14,synthetic
97,bc,mismatch,0.0,8,ViT-H-14,synthetic
98,bc,mismatch,4.203895392974451e-45,9,ViT-H-14,synthetic
99,bc,mismatch,1.3022350963785223e-26,10,ViT-H-14,synthetic
100,bc,mismatch,4.863010138654272e-37,11,ViT-H-14,synthetic
101,bc,mismatch,5.3595883398601976e-21,12,ViT-H-14,synthetic
102,bc,mismatch,2.802596928649634e-45,13,ViT-H-14,synthetic
103,bc,mismatch,1.2576079500697945e-12,14,ViT-H-14,synthetic
104,bc,mismatch,6.710299865219749e-40,15,ViT-H-14,synthetic
105,bc,mismatch,7.855082798378508e-38,16,ViT-H-14,synthetic
106,bc,mismatch,5.075570896906356e-08,17,ViT-H-14,synthetic
107,bc,mismatch,5.529662261157317e-34,18,ViT-H-14,synthetic
108,cc,match,1.0,1,ViT-H-14,synthetic
109,cc,match,0.9999381303787231,2,ViT-H-14,synthetic
110,cc,match,1.0,3,ViT-H-14,synthetic
111,cc,match,1.0,4,ViT-H-14,synthetic
112,cc,match,1.0,5,ViT-H-14,synthetic
113,cc,match,1.0,6,ViT-H-14,synthetic
114,cc,match,0.997319519519806,7,ViT-H-14,synthetic
115,cc,match,1.0,8,ViT-H-14,synthetic
116,cc,match,1.0,9,ViT-H-14,synthetic
117,cc,match,1.0,10,ViT-H-14,synthetic
118,cc,match,1.0,11,ViT-H-14,synthetic
119,cc,match,1.0,12,ViT-H-14,synthetic
120,cc,match,1.0,13,ViT-H-14,synthetic
121,cc,match,1.0,14,ViT-H-14,synthetic
122,cc,match,1.0,15,ViT-H-14,synthetic
123,cc,match,1.0,16,ViT-H-14,synthetic
124,cc,match,1.0,17,ViT-H-14,synthetic
125,cc,match,1.0,18,ViT-H-14,synthetic
126,ca,mismatch,5.149681052253214e-38,1,ViT-H-14,synthetic
127,ca,mismatch,6.183217919897288e-05,2,ViT-H-14,synthetic
128,ca,mismatch,0.0,3,ViT-H-14,synthetic
129,ca,mismatch,2.647161368221259e-30,4,ViT-H-14,synthetic
130,ca,mismatch,2.975456138857892e-29,5,ViT-H-14,synthetic
131,ca,mismatch,1.881308307423694e-19,6,ViT-H-14,synthetic
132,ca,mismatch,0.0026802762877196,7,ViT-H-14,synthetic
133,ca,mismatch,0.0,8,ViT-H-14,synthetic
134,ca,mismatch,1.7029856808387805e-15,9,ViT-H-14,synthetic
135,ca,mismatch,0.0,10,ViT-H-14,synthetic
136,ca,mismatch,1.7649354158171068e-39,11,ViT-H-14,synthetic
137,ca,mismatch,9.585301885521044e-41,12,ViT-H-14,synthetic
138,ca,mismatch,1.4302494706929302e-23,13,ViT-H-14,synthetic
139,ca,mismatch,3.967295270735144e-33,14,ViT-H-14,synthetic
140,ca,mismatch,7.219349558355024e-41,15,ViT-H-14,synthetic
141,ca,mismatch,6.222283630970343e-29,16,ViT-H-14,synthetic
142,ca,mismatch,1.4695697255067222e-40,17,ViT-H-14,synthetic
143,ca,mismatch,2.2660388495815198e-26,18,ViT-H-14,synthetic
144,cb,mismatch,0.0,1,ViT-H-14,synthetic
145,cb,mismatch,1.604033128543847e-09,2,ViT-H-14,synthetic
146,cb,mismatch,4.484155085839416e-44,3,ViT-H-14,synthetic
147,cb,mismatch,3.8104331356707023e-28,4,ViT-H-14,synthetic
148,cb,mismatch,8.101097504827468e-29,5,ViT-H-14,synthetic
149,cb,mismatch,8.538175246437258e-21,6,ViT-H-14,synthetic
150,cb,mismatch,1.5610103787366825e-07,7,ViT-H-14,synthetic
151,cb,mismatch,0.0,8,ViT-H-14,synthetic
152,cb,mismatch,2.238128303642339e-25,9,ViT-H-14,synthetic
153,cb,mismatch,4.203895392974451e-45,10,ViT-H-14,synthetic
154,cb,mismatch,7.855278651923361e-34,11,ViT-H-14,synthetic
155,cb,mismatch,8.42938041330645e-19,12,ViT-H-14,synthetic
156,cb,mismatch,4.272607298309286e-16,13,ViT-H-14,synthetic
157,cb,mismatch,8.462449659253294e-31,14,ViT-H-14,synthetic
158,cb,mismatch,2.364228507047265e-28,15,ViT-H-14,synthetic
159,cb,mismatch,2.1428747736711817e-33,16,ViT-H-14,synthetic
160,cb,mismatch,2.6499302814281626e-37,17,ViT-H-14,synthetic
161,cb,mismatch,5.929708863504396e-24,18,ViT-H-14,synthetic
0,aa,match,1.0,1,ViT-bigG-14,synthetic
1,aa,match,1.0,2,ViT-bigG-14,synthetic
2,aa,match,1.0,3,ViT-bigG-14,synthetic
3,aa,match,1.0,4,ViT-bigG-14,synthetic
4,aa,match,1.0,5,ViT-bigG-14,synthetic
5,aa,match,1.0,6,ViT-bigG-14,synthetic
6,aa,match,1.0,7,ViT-bigG-14,synthetic
7,aa,match,1.0,8,ViT-bigG-14,synthetic
8,aa,match,1.0,9,ViT-bigG-14,synthetic
9,aa,match,1.0,10,ViT-bigG-14,synthetic
10,aa,match,1.0,11,ViT-bigG-14,synthetic
11,aa,match,1.0,12,ViT-bigG-14,synthetic
12,aa,match,1.0,13,ViT-bigG-14,synthetic
13,aa,match,1.0,14,ViT-bigG-14,synthetic
14,aa,match,1.0,15,ViT-bigG-14,synthetic
15,aa,match,1.0,16,ViT-bigG-14,synthetic
16,aa,match,1.0,17,ViT-bigG-14,synthetic
17,aa,match,1.0,18,ViT-bigG-14,synthetic
18,ab,mismatch,0.0,1,ViT-bigG-14,synthetic
19,ab,mismatch,0.0,2,ViT-bigG-14,synthetic
20,ab,mismatch,0.0,3,ViT-bigG-14,synthetic
21,ab,mismatch,0.0,4,ViT-bigG-14,synthetic
22,ab,mismatch,0.0,5,ViT-bigG-14,synthetic
23,ab,mismatch,0.0,6,ViT-bigG-14,synthetic
24,ab,mismatch,0.0,7,ViT-bigG-14,synthetic
25,ab,mismatch,0.0,8,ViT-bigG-14,synthetic
26,ab,mismatch,0.0,9,ViT-bigG-14,synthetic
27,ab,mismatch,0.0,10,ViT-bigG-14,synthetic
28,ab,mismatch,0.0,11,ViT-bigG-14,synthetic
29,ab,mismatch,0.0,12,ViT-bigG-14,synthetic
30,ab,mismatch,0.0,13,ViT-bigG-14,synthetic
31,ab,mismatch,0.0,14,ViT-bigG-14,synthetic
32,ab,mismatch,0.0,15,ViT-bigG-14,synthetic
33,ab,mismatch,0.0,16,ViT-bigG-14,synthetic
34,ab,mismatch,1.90369600240123e-18,17,ViT-bigG-14,synthetic
35,ab,mismatch,0.0,18,ViT-bigG-14,synthetic
36,ac,mismatch,0.0,1,ViT-bigG-14,synthetic
37,ac,mismatch,0.0,2,ViT-bigG-14,synthetic
38,ac,mismatch,0.0,3,ViT-bigG-14,synthetic
39,ac,mismatch,0.0,4,ViT-bigG-14,synthetic
40,ac,mismatch,0.0,5,ViT-bigG-14,synthetic
41,ac,mismatch,0.0,6,ViT-bigG-14,synthetic
42,ac,mismatch,0.0,7,ViT-bigG-14,synthetic
43,ac,mismatch,0.0,8,ViT-bigG-14,synthetic
44,ac,mismatch,0.0,9,ViT-bigG-14,synthetic
45,ac,mismatch,0.0,10,ViT-bigG-14,synthetic
46,ac,mismatch,0.0,11,ViT-bigG-14,synthetic
47,ac,mismatch,0.0,12,ViT-bigG-14,synthetic
48,ac,mismatch,0.0,13,ViT-bigG-14,synthetic
49,ac,mismatch,0.0,14,ViT-bigG-14,synthetic
50,ac,mismatch,0.0,15,ViT-bigG-14,synthetic
51,ac,mismatch,0.0,16,ViT-bigG-14,synthetic
52,ac,mismatch,7.505443697506051e-38,17,ViT-bigG-14,synthetic
53,ac,mismatch,0.0,18,ViT-bigG-14,synthetic
54,bb,match,1.0,1,ViT-bigG-14,synthetic
55,bb,match,1.0,2,ViT-bigG-14,synthetic
56,bb,match,1.0,3,ViT-bigG-14,synthetic
57,bb,match,1.0,4,ViT-bigG-14,synthetic
58,bb,match,1.0,5,ViT-bigG-14,synthetic
59,bb,match,1.0,6,ViT-bigG-14,synthetic
60,bb,match,1.0,7,ViT-bigG-14,synthetic
61,bb,match,1.0,8,ViT-bigG-14,synthetic
62,bb,match,1.0,9,ViT-bigG-14,synthetic
63,bb,match,1.0,10,ViT-bigG-14,synthetic
64,bb,match,1.0,11,ViT-bigG-14,synthetic
65,bb,match,1.0,12,ViT-bigG-14,synthetic
66,bb,match,1.0,13,ViT-bigG-14,synthetic
67,bb,match,1.0,14,ViT-bigG-14,synthetic
68,bb,match,1.0,15,ViT-bigG-14,synthetic
69,bb,match,1.0,16,ViT-bigG-14,synthetic
70,bb,match,1.0,17,ViT-bigG-14,synthetic
71,bb,match,1.0,18,ViT-bigG-14,synthetic
72,ba,mismatch,0.0,1,ViT-bigG-14,synthetic
73,ba,mismatch,0.0,2,ViT-bigG-14,synthetic
74,ba,mismatch,0.0,3,ViT-bigG-14,synthetic
75,ba,mismatch,0.0,4,ViT-bigG-14,synthetic
76,ba,mismatch,0.0,5,ViT-bigG-14,synthetic
77,ba,mismatch,0.0,6,ViT-bigG-14,synthetic
78,ba,mismatch,0.0,7,ViT-bigG-14,synthetic
79,ba,mismatch,0.0,8,ViT-bigG-14,synthetic
80,ba,mismatch,0.0,9,ViT-bigG-14,synthetic
81,ba,mismatch,0.0,10,ViT-bigG-14,synthetic
82,ba,mismatch,0.0,11,ViT-bigG-14,synthetic
83,ba,mismatch,0.0,12,ViT-bigG-14,synthetic
84,ba,mismatch,0.0,13,ViT-bigG-14,synthetic
85,ba,mismatch,0.0,14,ViT-bigG-14,synthetic
86,ba,mismatch,0.0,15,ViT-bigG-14,synthetic
87,ba,mismatch,0.0,16,ViT-bigG-14,synthetic
88,ba,mismatch,0.0,17,ViT-bigG-14,synthetic
89,ba,mismatch,0.0,18,ViT-bigG-14,synthetic
90,bc,mismatch,0.0,1,ViT-bigG-14,synthetic
91,bc,mismatch,0.0,2,ViT-bigG-14,synthetic
92,bc,mismatch,0.0,3,ViT-bigG-14,synthetic
93,bc,mismatch,0.0,4,ViT-bigG-14,synthetic
94,bc,mismatch,0.0,5,ViT-bigG-14,synthetic
95,bc,mismatch,0.0,6,ViT-bigG-14,synthetic
96,bc,mismatch,4.270184836974619e-36,7,ViT-bigG-14,synthetic
97,bc,mismatch,0.0,8,ViT-bigG-14,synthetic
98,bc,mismatch,0.0,9,ViT-bigG-14,synthetic
99,bc,mismatch,0.0,10,ViT-bigG-14,synthetic
100,bc,mismatch,0.0,11,ViT-bigG-14,synthetic
101,bc,mismatch,0.0,12,ViT-bigG-14,synthetic
102,bc,mismatch,0.0,13,ViT-bigG-14,synthetic
103,bc,mismatch,0.0,14,ViT-bigG-14,synthetic
104,bc,mismatch,0.0,15,ViT-bigG-14,synthetic
105,bc,mismatch,0.0,16,ViT-bigG-14,synthetic
106,bc,mismatch,0.0,17,ViT-bigG-14,synthetic
107,bc,mismatch,0.0,18,ViT-bigG-14,synthetic
108,cc,match,1.0,1,ViT-bigG-14,synthetic
109,cc,match,1.0,2,ViT-bigG-14,synthetic
110,cc,match,1.0,3,ViT-bigG-14,synthetic
111,cc,match,1.0,4,ViT-bigG-14,synthetic
112,cc,match,1.0,5,ViT-bigG-14,synthetic
113,cc,match,1.0,6,ViT-bigG-14,synthetic
114,cc,match,1.0,7,ViT-bigG-14,synthetic
115,cc,match,1.0,8,ViT-bigG-14,synthetic
116,cc,match,1.0,9,ViT-bigG-14,synthetic
117,cc,match,1.0,10,ViT-bigG-14,synthetic
118,cc,match,1.0,11,ViT-bigG-14,synthetic
119,cc,match,1.0,12,ViT-bigG-14,synthetic
120,cc,match,1.0,13,ViT-bigG-14,synthetic
121,cc,match,1.0,14,ViT-bigG-14,synthetic
122,cc,match,1.0,15,ViT-bigG-14,synthetic
123,cc,match,1.0,16,ViT-bigG-14,synthetic
124,cc,match,1.0,17,ViT-bigG-14,synthetic
125,cc,match,1.0,18,ViT-bigG-14,synthetic
126,ca,mismatch,0.0,1,ViT-bigG-14,synthetic
127,ca,mismatch,0.0,2,ViT-bigG-14,synthetic
128,ca,mismatch,0.0,3,ViT-bigG-14,synthetic
129,ca,mismatch,0.0,4,ViT-bigG-14,synthetic
130,ca,mismatch,0.0,5,ViT-bigG-14,synthetic
131,ca,mismatch,0.0,6,ViT-bigG-14,synthetic
132,ca,mismatch,0.0,7,ViT-bigG-14,synthetic
133,ca,mismatch,0.0,8,ViT-bigG-14,synthetic
134,ca,mismatch,0.0,9,ViT-bigG-14,synthetic
135,ca,mismatch,0.0,10,ViT-bigG-14,synthetic
136,ca,mismatch,0.0,11,ViT-bigG-14,synthetic
137,ca,mismatch,0.0,12,ViT-bigG-14,synthetic
138,ca,mismatch,0.0,13,ViT-bigG-14,synthetic
139,ca,mismatch,0.0,14,ViT-bigG-14,synthetic
140,ca,mismatch,0.0,15,ViT-bigG-14,synthetic
141,ca,mismatch,0.0,16,ViT-bigG-14,synthetic
142,ca,mismatch,0.0,17,ViT-bigG-14,synthetic
143,ca,mismatch,0.0,18,ViT-bigG-14,synthetic
144,cb,mismatch,0.0,1,ViT-bigG-14,synthetic
145,cb,mismatch,0.0,2,ViT-bigG-14,synthetic
146,cb,mismatch,0.0,3,ViT-bigG-14,synthetic
147,cb,mismatch,0.0,4,ViT-bigG-14,synthetic
148,cb,mismatch,0.0,5,ViT-bigG-14,synthetic
149,cb,mismatch,0.0,6,ViT-bigG-14,synthetic
150,cb,mismatch,0.0,7,ViT-bigG-14,synthetic
151,cb,mismatch,0.0,8,ViT-bigG-14,synthetic
152,cb,mismatch,0.0,9,ViT-bigG-14,synthetic
153,cb,mismatch,0.0,10,ViT-bigG-14,synthetic
154,cb,mismatch,0.0,11,ViT-bigG-14,synthetic
155,cb,mismatch,0.0,12,ViT-bigG-14,synthetic
156,cb,mismatch,0.0,13,ViT-bigG-14,synthetic
157,cb,mismatch,0.0,14,ViT-bigG-14,synthetic
158,cb,mismatch,0.0,15,ViT-bigG-14,synthetic
159,cb,mismatch,0.0,16,ViT-bigG-14,synthetic
160,cb,mismatch,0.0,17,ViT-bigG-14,synthetic
161,cb,mismatch,0.0,18,ViT-bigG-14,synthetic
0,aa,match,1.0,1,imagebind,synthetic
1,aa,match,0.9999997615814208,2,imagebind,synthetic
2,aa,match,0.999996542930603,3,imagebind,synthetic
3,aa,match,0.9999998807907104,4,imagebind,synthetic
4,aa,match,1.0,5,imagebind,synthetic
5,aa,match,0.999990701675415,6,imagebind,synthetic
6,aa,match,0.9999998807907104,7,imagebind,synthetic
7,aa,match,1.0,8,imagebind,synthetic
8,aa,match,0.9999998807907104,9,imagebind,synthetic
9,aa,match,1.0,10,imagebind,synthetic
10,aa,match,0.9999998807907104,11,imagebind,synthetic
11,aa,match,0.9999980926513672,12,imagebind,synthetic
12,aa,match,0.999997854232788,13,imagebind,synthetic
13,aa,match,0.9999985694885254,14,imagebind,synthetic
14,aa,match,0.9999555349349976,15,imagebind,synthetic
15,aa,match,1.0,16,imagebind,synthetic
16,aa,match,0.9999831914901732,17,imagebind,synthetic
17,aa,match,1.0,18,imagebind,synthetic
18,ab,mismatch,7.561281855088427e-15,1,imagebind,synthetic
19,ab,mismatch,2.1400749616873327e-08,2,imagebind,synthetic
20,ab,mismatch,3.401841013328521e-06,3,imagebind,synthetic
21,ab,mismatch,5.047435802651989e-09,4,imagebind,synthetic
22,ab,mismatch,1.7859832723843283e-08,5,imagebind,synthetic
23,ab,mismatch,4.580442622414971e-11,6,imagebind,synthetic
24,ab,mismatch,1.0811197626026114e-07,7,imagebind,synthetic
25,ab,mismatch,9.151011112068508e-13,8,imagebind,synthetic
26,ab,mismatch,1.7186560508086754e-10,9,imagebind,synthetic
27,ab,mismatch,1.317410847079259e-09,10,imagebind,synthetic
28,ab,mismatch,6.734010327136275e-08,11,imagebind,synthetic
29,ab,mismatch,1.4014667613082563e-06,12,imagebind,synthetic
30,ab,mismatch,2.1910282157477923e-06,13,imagebind,synthetic
31,ab,mismatch,9.69822508523066e-07,14,imagebind,synthetic
32,ab,mismatch,4.374701893539168e-05,15,imagebind,synthetic
33,ab,mismatch,1.2652560110737452e-09,16,imagebind,synthetic
34,ab,mismatch,1.6102732843137346e-05,17,imagebind,synthetic
35,ab,mismatch,4.283556620521267e-09,18,imagebind,synthetic
36,ac,mismatch,5.013357784466877e-12,1,imagebind,synthetic
37,ac,mismatch,2.192212207319244e-07,2,imagebind,synthetic
38,ac,mismatch,3.679996751770887e-08,3,imagebind,synthetic
39,ac,mismatch,1.2908890312246513e-07,4,imagebind,synthetic
40,ac,mismatch,3.1869365479941786e-10,5,imagebind,synthetic
41,ac,mismatch,9.308194421464576e-06,6,imagebind,synthetic
42,ac,mismatch,7.944332414133726e-10,7,imagebind,synthetic
43,ac,mismatch,3.033508733096824e-08,8,imagebind,synthetic
44,ac,mismatch,6.492334847507665e-08,9,imagebind,synthetic
45,ac,mismatch,8.908284808602229e-14,10,imagebind,synthetic
46,ac,mismatch,7.995496625889942e-11,11,imagebind,synthetic
47,ac,mismatch,5.279190418150392e-07,12,imagebind,synthetic
48,ac,mismatch,2.244050278932264e-08,13,imagebind,synthetic
49,ac,mismatch,4.972167175765208e-07,14,imagebind,synthetic
50,ac,mismatch,7.006591999925149e-07,15,imagebind,synthetic
51,ac,mismatch,1.6314569487030358e-11,16,imagebind,synthetic
52,ac,mismatch,6.940142611711053e-07,17,imagebind,synthetic
53,ac,mismatch,2.5735552577899057e-10,18,imagebind,synthetic
54,bb,match,1.0,1,imagebind,synthetic
55,bb,match,0.999351441860199,2,imagebind,synthetic
56,bb,match,0.9999994039535522,3,imagebind,synthetic
57,bb,match,0.9999991655349731,4,imagebind,synthetic
58,bb,match,1.0,5,imagebind,synthetic
59,bb,match,0.9999990463256836,6,imagebind,synthetic
60,bb,match,0.9997920393943788,7,imagebind,synthetic
61,bb,match,1.0,8,imagebind,synthetic
62,bb,match,1.0,9,imagebind,synthetic
63,bb,match,0.9999992847442628,10,imagebind,synthetic
64,bb,match,0.9999998807907104,11,imagebind,synthetic
65,bb,match,0.9999868869781494,12,imagebind,synthetic
66,bb,match,1.0,13,imagebind,synthetic
67,bb,match,0.9999027252197266,14,imagebind,synthetic
68,bb,match,1.0,15,imagebind,synthetic
69,bb,match,1.0,16,imagebind,synthetic
70,bb,match,0.999946355819702,17,imagebind,synthetic
71,bb,match,1.0,18,imagebind,synthetic
72,ba,mismatch,1.5263370428675316e-11,1,imagebind,synthetic
73,ba,mismatch,0.0006374380318447,2,imagebind,synthetic
74,ba,mismatch,6.231993552319182e-07,3,imagebind,synthetic
75,ba,mismatch,1.3006175691998578e-08,4,imagebind,synthetic
76,ba,mismatch,1.175248609541768e-08,5,imagebind,synthetic
77,ba,mismatch,2.5774349321494583e-09,6,imagebind,synthetic
78,ba,mismatch,5.3676929383073e-05,7,imagebind,synthetic
79,ba,mismatch,1.2802801353795082e-13,8,imagebind,synthetic
80,ba,mismatch,2.780050911699305e-10,9,imagebind,synthetic
81,ba,mismatch,7.011878437879204e-07,10,imagebind,synthetic
82,ba,mismatch,4.156273103461672e-09,11,imagebind,synthetic
83,ba,mismatch,4.490848803939684e-10,12,imagebind,synthetic
84,ba,mismatch,2.708664936790228e-08,13,imagebind,synthetic
85,ba,mismatch,9.298312943428756e-05,14,imagebind,synthetic
86,ba,mismatch,8.517178390517188e-13,15,imagebind,synthetic
87,ba,mismatch,7.616096642237835e-11,16,imagebind,synthetic
88,ba,mismatch,5.207171852816828e-05,17,imagebind,synthetic
89,ba,mismatch,3.237577672621228e-08,18,imagebind,synthetic
90,bc,mismatch,2.7756051648145274e-14,1,imagebind,synthetic
91,bc,mismatch,1.1117518624814691e-05,2,imagebind,synthetic
92,bc,mismatch,1.0519166648848e-09,3,imagebind,synthetic
93,bc,mismatch,7.833236281840072e-07,4,imagebind,synthetic
94,bc,mismatch,3.5064748882263075e-09,5,imagebind,synthetic
95,bc,mismatch,9.008727488435396e-07,6,imagebind,synthetic
96,bc,mismatch,0.000154359237058,7,imagebind,synthetic
97,bc,mismatch,1.3393041016496188e-12,8,imagebind,synthetic
98,bc,mismatch,1.2133426208205123e-10,9,imagebind,synthetic
99,bc,mismatch,4.0289567238005475e-09,10,imagebind,synthetic
100,bc,mismatch,1.233961910429571e-07,11,imagebind,synthetic
101,bc,mismatch,1.30649868879118e-05,12,imagebind,synthetic
102,bc,mismatch,1.1659630726190695e-11,13,imagebind,synthetic
103,bc,mismatch,4.235265350871487e-06,14,imagebind,synthetic
104,bc,mismatch,9.805078970970271e-10,15,imagebind,synthetic
105,bc,mismatch,1.1800256327632042e-09,16,imagebind,synthetic
106,bc,mismatch,1.5710267007307266e-06,17,imagebind,synthetic
107,bc,mismatch,3.4892935762975696e-10,18,imagebind,synthetic
108,cc,match,1.0,1,imagebind,synthetic
109,cc,match,0.995291233062744,2,imagebind,synthetic
110,cc,match,1.0,3,imagebind,synthetic
111,cc,match,1.0,4,imagebind,synthetic
112,cc,match,1.0,5,imagebind,synthetic
113,cc,match,1.0,6,imagebind,synthetic
114,cc,match,0.7631226778030396,7,imagebind,synthetic
115,cc,match,1.0,8,imagebind,synthetic
116,cc,match,0.9998557567596436,9,imagebind,synthetic
117,cc,match,1.0,10,imagebind,synthetic
118,cc,match,1.0,11,imagebind,synthetic
119,cc,match,0.9999871253967284,12,imagebind,synthetic
120,cc,match,0.9999152421951294,13,imagebind,synthetic
121,cc,match,1.0,14,imagebind,synthetic
122,cc,match,1.0,15,imagebind,synthetic
123,cc,match,1.0,16,imagebind,synthetic
124,cc,match,0.9999992847442628,17,imagebind,synthetic
125,cc,match,0.9999995231628418,18,imagebind,synthetic
126,ca,mismatch,4.0335072087893664e-11,1,imagebind,synthetic
127,ca,mismatch,0.0043106446973979,2,imagebind,synthetic
128,ca,mismatch,9.308203513525015e-11,3,imagebind,synthetic
129,ca,mismatch,5.886504617080845e-09,4,imagebind,synthetic
130,ca,mismatch,8.656852124033776e-09,5,imagebind,synthetic
131,ca,mismatch,1.07462638787581e-09,6,imagebind,synthetic
132,ca,mismatch,0.1367872208356857,7,imagebind,synthetic
133,ca,mismatch,7.800774999913719e-13,8,imagebind,synthetic
134,ca,mismatch,0.00014307773381,9,imagebind,synthetic
135,ca,mismatch,8.204603446290705e-13,10,imagebind,synthetic
136,ca,mismatch,8.295136799674195e-11,11,imagebind,synthetic
137,ca,mismatch,2.1194051721962204e-11,12,imagebind,synthetic
138,ca,mismatch,3.533724520821124e-05,13,imagebind,synthetic
139,ca,mismatch,1.959379103411152e-09,14,imagebind,synthetic
140,ca,mismatch,4.009498982826543e-11,15,imagebind,synthetic
141,ca,mismatch,2.927568409916148e-09,16,imagebind,synthetic
142,ca,mismatch,3.551038503246673e-07,17,imagebind,synthetic
143,ca,mismatch,6.036889743654683e-08,18,imagebind,synthetic
144,cb,mismatch,1.1915010536371617e-13,1,imagebind,synthetic
145,cb,mismatch,0.0003981255576945,2,imagebind,synthetic
146,cb,mismatch,3.7439368272274004e-10,3,imagebind,synthetic
147,cb,mismatch,4.455232982536472e-08,4,imagebind,synthetic
148,cb,mismatch,2.2916257336191848e-08,5,imagebind,synthetic
149,cb,mismatch,3.6890239751841132e-09,6,imagebind,synthetic
150,cb,mismatch,0.1000900864601135,7,imagebind,synthetic
151,cb,mismatch,8.401905473437443e-14,8,imagebind,synthetic
152,cb,mismatch,1.117821966545307e-06,9,imagebind,synthetic
153,cb,mismatch,1.4853451801855044e-11,10,imagebind,synthetic
154,cb,mismatch,1.3296568290854791e-09,11,imagebind,synthetic
155,cb,mismatch,1.2841427633247804e-05,12,imagebind,synthetic
156,cb,mismatch,4.943786916555837e-05,13,imagebind,synthetic
157,cb,mismatch,1.847071473548567e-08,14,imagebind,synthetic
158,cb,mismatch,8.185487843093142e-09,15,imagebind,synthetic
159,cb,mismatch,3.263813386222836e-10,16,imagebind,synthetic
160,cb,mismatch,3.279479017237464e-07,17,imagebind,synthetic
161,cb,mismatch,4.247505103194271e-07,18,imagebind,synthetic
0,aa,match,0.9999090433120728,1,ViT-B-32,synthetic
1,aa,match,0.9918924570083618,2,ViT-B-32,synthetic
2,aa,match,0.9964034557342528,3,ViT-B-32,synthetic
3,aa,match,0.9964056015014648,4,ViT-B-32,synthetic
4,aa,match,0.9978846907615662,5,ViT-B-32,synthetic
5,aa,match,0.9936076402664183,6,ViT-B-32,synthetic
6,aa,match,0.8637300729751587,7,ViT-B-32,synthetic
7,aa,match,0.9997335076332092,8,ViT-B-32,synthetic
8,aa,match,0.999914050102234,9,ViT-B-32,synthetic
9,aa,match,0.9975987076759338,10,ViT-B-32,synthetic
10,aa,match,0.9977248311042786,11,ViT-B-32,synthetic
11,aa,match,0.9916431903839112,12,ViT-B-32,synthetic
12,aa,match,0.7996190190315247,13,ViT-B-32,synthetic
13,aa,match,0.9386788010597228,14,ViT-B-32,synthetic
14,aa,match,0.9637281894683838,15,ViT-B-32,synthetic
15,aa,match,0.997589945793152,16,ViT-B-32,synthetic
16,aa,match,0.786828339099884,17,ViT-B-32,synthetic
17,aa,match,0.99982351064682,18,ViT-B-32,synthetic
18,ab,mismatch,9.04153876035707e-06,1,ViT-B-32,synthetic
19,ab,mismatch,0.0080546122044324,2,ViT-B-32,synthetic
20,ab,mismatch,0.0031494223512709,3,ViT-B-32,synthetic
21,ab,mismatch,8.553127554478124e-05,4,ViT-B-32,synthetic
22,ab,mismatch,0.0012665584217756,5,ViT-B-32,synthetic
23,ab,mismatch,1.564783087815158e-05,6,ViT-B-32,synthetic
24,ab,mismatch,0.1318203955888748,7,ViT-B-32,synthetic
25,ab,mismatch,9.595768801773374e-08,8,ViT-B-32,synthetic
26,ab,mismatch,1.1343456208123824e-05,9,ViT-B-32,synthetic
27,ab,mismatch,0.0023940335959196,10,ViT-B-32,synthetic
28,ab,mismatch,0.0022740270942449,11,ViT-B-32,synthetic
29,ab,mismatch,0.0029567030724138,12,ViT-B-32,synthetic
30,ab,mismatch,0.1398316472768783,13,ViT-B-32,synthetic
31,ab,mismatch,0.0605517886579036,14,ViT-B-32,synthetic
32,ab,mismatch,0.0362095460295677,15,ViT-B-32,synthetic
33,ab,mismatch,0.0023973572533577,16,ViT-B-32,synthetic
34,ab,mismatch,0.0452613569796085,17,ViT-B-32,synthetic
35,ab,mismatch,2.1650141206919216e-05,18,ViT-B-32,synthetic
36,ac,mismatch,8.194850670406595e-05,1,ViT-B-32,synthetic
37,ac,mismatch,5.297806637827307e-05,2,ViT-B-32,synthetic
38,ac,mismatch,0.0004471050051506,3,ViT-B-32,synthetic
39,ac,mismatch,0.0035089214798063,4,ViT-B-32,synthetic
40,ac,mismatch,0.0008488119929097,5,ViT-B-32,synthetic
41,ac,mismatch,0.0063767419196665,6,ViT-B-32,synthetic
42,ac,mismatch,0.0044495156034827,7,ViT-B-32,synthetic
43,ac,mismatch,0.0002663384075276,8,ViT-B-32,synthetic
44,ac,mismatch,7.461093628080562e-05,9,ViT-B-32,synthetic
45,ac,mismatch,7.282036222022725e-06,10,ViT-B-32,synthetic
46,ac,mismatch,1.2134280495956773e-06,11,ViT-B-32,synthetic
47,ac,mismatch,0.0054000793024897,12,ViT-B-32,synthetic
48,ac,mismatch,0.0605493262410163,13,ViT-B-32,synthetic
49,ac,mismatch,0.000769377045799,14,ViT-B-32,synthetic
50,ac,mismatch,6.229225255083293e-05,15,ViT-B-32,synthetic
51,ac,mismatch,1.2728613000945188e-05,16,ViT-B-32,synthetic
52,ac,mismatch,0.1679102480411529,17,ViT-B-32,synthetic
53,ac,mismatch,0.0001548589207231,18,ViT-B-32,synthetic
54,bb,match,0.999990701675415,1,ViT-B-32,synthetic
55,bb,match,0.9998810291290284,2,ViT-B-32,synthetic
56,bb,match,0.9999399185180664,3,ViT-B-32,synthetic
57,bb,match,0.999987244606018,4,ViT-B-32,synthetic
58,bb,match,0.9999624490737916,5,ViT-B-32,synthetic
59,bb,match,0.9997751116752625,6,ViT-B-32,synthetic
60,bb,match,0.9999994039535522,7,ViT-B-32,synthetic
61,bb,match,0.999674916267395,8,ViT-B-32,synthetic
62,bb,match,0.999991774559021,9,ViT-B-32,synthetic
63,bb,match,0.5665130019187927,10,ViT-B-32,synthetic
64,bb,match,0.9999393224716188,11,ViT-B-32,synthetic
65,bb,match,0.980890154838562,12,ViT-B-32,synthetic
66,bb,match,0.9999971389770508,13,ViT-B-32,synthetic
67,bb,match,0.999988317489624,14,ViT-B-32,synthetic
68,bb,match,0.9999994039535522,15,ViT-B-32,synthetic
69,bb,match,0.9997063279151917,16,ViT-B-32,synthetic
70,bb,match,0.9999489784240724,17,ViT-B-32,synthetic
71,bb,match,0.992761254310608,18,ViT-B-32,synthetic
72,ba,mismatch,3.615112291299738e-06,1,ViT-B-32,synthetic
73,ba,mismatch,0.0001183133281301,2,ViT-B-32,synthetic
74,ba,mismatch,5.633470937027596e-05,3,ViT-B-32,synthetic
75,ba,mismatch,2.526124376345251e-07,4,ViT-B-32,synthetic
76,ba,mismatch,4.87832585349679e-06,5,ViT-B-32,synthetic
77,ba,mismatch,5.6903859331214335e-06,6,ViT-B-32,synthetic
78,ba,mismatch,2.6764631400055805e-08,7,ViT-B-32,synthetic
79,ba,mismatch,8.086545904006925e-07,8,ViT-B-32,synthetic
80,ba,mismatch,8.179845281119924e-06,9,ViT-B-32,synthetic
81,ba,mismatch,0.4317982494831085,10,ViT-B-32,synthetic
82,ba,mismatch,4.836911830352619e-05,11,ViT-B-32,synthetic
83,ba,mismatch,8.404836080444511e-07,12,ViT-B-32,synthetic
84,ba,mismatch,2.2699161661421385e-08,13,ViT-B-32,synthetic
85,ba,mismatch,4.190195340925129e-06,14,ViT-B-32,synthetic
86,ba,mismatch,3.082543287291628e-07,15,ViT-B-32,synthetic
87,ba,mismatch,0.0001245952153112,16,ViT-B-32,synthetic
88,ba,mismatch,2.8656199901888613e-07,17,ViT-B-32,synthetic
89,ba,mismatch,1.419681757397484e-05,18,ViT-B-32,synthetic
90,bc,mismatch,5.7213269428757485e-06,1,ViT-B-32,synthetic
91,bc,mismatch,5.439706569632108e-07,2,ViT-B-32,synthetic
92,bc,mismatch,3.7481349863810473e-06,3,ViT-B-32,synthetic
93,bc,mismatch,1.2527651051641442e-05,4,ViT-B-32,synthetic
94,bc,mismatch,3.263624603278004e-05,5,ViT-B-32,synthetic
95,bc,mismatch,0.0002191344829043,6,ViT-B-32,synthetic
96,bc,mismatch,6.45388809061842e-07,7,ViT-B-32,synthetic
97,bc,mismatch,0.0003243088140152,8,ViT-B-32,synthetic
98,bc,mismatch,2.0574221437641427e-08,9,ViT-B-32,synthetic
99,bc,mismatch,0.0016888171667233,10,ViT-B-32,synthetic
100,bc,mismatch,1.2265954865142705e-05,11,ViT-B-32,synthetic
101,bc,mismatch,0.019109072163701,12,ViT-B-32,synthetic
102,bc,mismatch,2.8831832423747983e-06,13,ViT-B-32,synthetic
103,bc,mismatch,7.4548006523400545e-06,14,ViT-B-32,synthetic
104,bc,mismatch,2.31617207191448e-07,15,ViT-B-32,synthetic
105,bc,mismatch,0.000169130944414,16,ViT-B-32,synthetic
106,bc,mismatch,5.073306238045916e-05,17,ViT-B-32,synthetic
107,bc,mismatch,0.0072245853953063,18,ViT-B-32,synthetic
108,cc,match,0.9999995231628418,1,ViT-B-32,synthetic
109,cc,match,0.9833749532699584,2,ViT-B-32,synthetic
110,cc,match,0.9999271631240844,3,ViT-B-32,synthetic
111,cc,match,0.9999948740005492,4,ViT-B-32,synthetic
112,cc,match,0.9967522621154784,5,ViT-B-32,synthetic
113,cc,match,0.9999854564666748,6,ViT-B-32,synthetic
114,cc,match,0.0129598286002874,7,ViT-B-32,synthetic
115,cc,match,0.9999997615814208,8,ViT-B-32,synthetic
116,cc,match,0.9246680736541748,9,ViT-B-32,synthetic
117,cc,match,0.999439537525177,10,ViT-B-32,synthetic
118,cc,match,0.9970045685768129,11,ViT-B-32,synthetic
119,cc,match,0.9533294439315796,12,ViT-B-32,synthetic
120,cc,match,0.9988762736320496,13,ViT-B-32,synthetic
121,cc,match,0.9989131689071656,14,ViT-B-32,synthetic
122,cc,match,0.8993209004402161,15,ViT-B-32,synthetic
123,cc,match,0.9978961944580078,16,ViT-B-32,synthetic
124,cc,match,0.9999958276748656,17,ViT-B-32,synthetic
125,cc,match,0.9999568462371826,18,ViT-B-32,synthetic
126,ca,mismatch,4.3297060869917924e-07,1,ViT-B-32,synthetic
127,ca,mismatch,0.012715395539999,2,ViT-B-32,synthetic
128,ca,mismatch,4.201689807814546e-05,3,ViT-B-32,synthetic
129,ca,mismatch,3.693718895192433e-07,4,ViT-B-32,synthetic
130,ca,mismatch,2.237444459751714e-05,5,ViT-B-32,synthetic
131,ca,mismatch,1.0072896657220554e-05,6,ViT-B-32,synthetic
132,ca,mismatch,0.0003623733064159,7,ViT-B-32,synthetic
133,ca,mismatch,1.646235716634692e-07,8,ViT-B-32,synthetic
134,ca,mismatch,0.0011558962287381,9,ViT-B-32,synthetic
135,ca,mismatch,0.0003067652287427,10,ViT-B-32,synthetic
136,ca,mismatch,7.483129593310878e-05,11,ViT-B-32,synthetic
137,ca,mismatch,2.2671893020742573e-06,12,ViT-B-32,synthetic
138,ca,mismatch,2.448134864607709e-06,13,ViT-B-32,synthetic
139,ca,mismatch,8.263710356004594e-07,14,ViT-B-32,synthetic
140,ca,mismatch,0.009775087237358,15,ViT-B-32,synthetic
141,ca,mismatch,0.0002006943395826,16,ViT-B-32,synthetic
142,ca,mismatch,5.452534423966426e-08,17,ViT-B-32,synthetic
143,ca,mismatch,2.1437028863147134e-06,18,ViT-B-32,synthetic
144,cb,mismatch,5.810026237895727e-09,1,ViT-B-32,synthetic
145,cb,mismatch,0.003909726627171,2,ViT-B-32,synthetic
146,cb,mismatch,3.075722634093836e-05,3,ViT-B-32,synthetic
147,cb,mismatch,4.702360456576571e-06,4,ViT-B-32,synthetic
148,cb,mismatch,0.0032254280522465,5,ViT-B-32,synthetic
149,cb,mismatch,4.456387614482082e-06,6,ViT-B-32,synthetic
150,cb,mismatch,0.9866777658462524,7,ViT-B-32,synthetic
151,cb,mismatch,1.6786911416488692e-08,8,ViT-B-32,synthetic
152,cb,mismatch,0.0741760805249214,9,ViT-B-32,synthetic
153,cb,mismatch,0.0002537271648179,10,ViT-B-32,synthetic
154,cb,mismatch,0.0029206513427197,11,ViT-B-32,synthetic
155,cb,mismatch,0.0466683059930801,12,ViT-B-32,synthetic
156,cb,mismatch,0.0011213035322725,13,ViT-B-32,synthetic
157,cb,mismatch,0.0010860490147024,14,ViT-B-32,synthetic
158,cb,mismatch,0.0909040123224258,15,ViT-B-32,synthetic
159,cb,mismatch,0.001903063734062,16,ViT-B-32,synthetic
160,cb,mismatch,4.138408712606179e-06,17,ViT-B-32,synthetic
161,cb,mismatch,4.1054034227272496e-05,18,ViT-B-32,synthetic
0,aa,match,1.0,1,ViT-g-14,synthetic
1,aa,match,1.0,2,ViT-g-14,synthetic
2,aa,match,1.0,3,ViT-g-14,synthetic
3,aa,match,1.0,4,ViT-g-14,synthetic
4,aa,match,1.0,5,ViT-g-14,synthetic
5,aa,match,1.0,6,ViT-g-14,synthetic
6,aa,match,1.0,7,ViT-g-14,synthetic
7,aa,match,1.0,8,ViT-g-14,synthetic
8,aa,match,1.0,9,ViT-g-14,synthetic
9,aa,match,1.0,10,ViT-g-14,synthetic
10,aa,match,1.0,11,ViT-g-14,synthetic
11,aa,match,1.0,12,ViT-g-14,synthetic
12,aa,match,1.0,13,ViT-g-14,synthetic
13,aa,match,1.0,14,ViT-g-14,synthetic
14,aa,match,1.0,15,ViT-g-14,synthetic
15,aa,match,1.0,16,ViT-g-14,synthetic
16,aa,match,1.0,17,ViT-g-14,synthetic
17,aa,match,1.0,18,ViT-g-14,synthetic
18,ab,mismatch,0.0,1,ViT-g-14,synthetic
19,ab,mismatch,6.264331629370345e-25,2,ViT-g-14,synthetic
20,ab,mismatch,9.120862595669778e-21,3,ViT-g-14,synthetic
21,ab,mismatch,6.967907512356963e-37,4,ViT-g-14,synthetic
22,ab,mismatch,0.0,5,ViT-g-14,synthetic
23,ab,mismatch,0.0,6,ViT-g-14,synthetic
24,ab,mismatch,3.278620355104571e-17,7,ViT-g-14,synthetic
25,ab,mismatch,0.0,8,ViT-g-14,synthetic
26,ab,mismatch,0.0,9,ViT-g-14,synthetic
27,ab,mismatch,0.0,10,ViT-g-14,synthetic
28,ab,mismatch,0.0,11,ViT-g-14,synthetic
29,ab,mismatch,7.651089615213501e-43,12,ViT-g-14,synthetic
30,ab,mismatch,1.2024721342527551e-30,13,ViT-g-14,synthetic
31,ab,mismatch,1.464644300431227e-27,14,ViT-g-14,synthetic
32,ab,mismatch,3.978162189638112e-25,15,ViT-g-14,synthetic
33,ab,mismatch,5.324934164434305e-44,16,ViT-g-14,synthetic
34,ab,mismatch,5.8943690782418536e-24,17,ViT-g-14,synthetic
35,ab,mismatch,0.0,18,ViT-g-14,synthetic
36,ac,mismatch,0.0,1,ViT-g-14,synthetic
37,ac,mismatch,5.0782134994185325e-27,2,ViT-g-14,synthetic
38,ac,mismatch,8.519894663094888e-42,3,ViT-g-14,synthetic
39,ac,mismatch,2.474756795716241e-32,4,ViT-g-14,synthetic
40,ac,mismatch,0.0,5,ViT-g-14,synthetic
41,ac,mismatch,0.0,6,ViT-g-14,synthetic
42,ac,mismatch,1.949038663773103e-21,7,ViT-g-14,synthetic
43,ac,mismatch,0.0,8,ViT-g-14,synthetic
44,ac,mismatch,0.0,9,ViT-g-14,synthetic
45,ac,mismatch,0.0,10,ViT-g-14,synthetic
46,ac,mismatch,0.0,11,ViT-g-14,synthetic
47,ac,mismatch,0.0,12,ViT-g-14,synthetic
48,ac,mismatch,1.8325060277668494e-40,13,ViT-g-14,synthetic
49,ac,mismatch,4.9998699356580445e-25,14,ViT-g-14,synthetic
50,ac,mismatch,9.88313985084445e-27,15,ViT-g-14,synthetic
51,ac,mismatch,0.0,16,ViT-g-14,synthetic
52,ac,mismatch,3.531979223240926e-33,17,ViT-g-14,synthetic
53,ac,mismatch,0.0,18,ViT-g-14,synthetic
54,bb,match,1.0,1,ViT-g-14,synthetic
55,bb,match,1.0,2,ViT-g-14,synthetic
56,bb,match,1.0,3,ViT-g-14,synthetic
57,bb,match,1.0,4,ViT-g-14,synthetic
58,bb,match,1.0,5,ViT-g-14,synthetic
59,bb,match,1.0,6,ViT-g-14,synthetic
60,bb,match,0.999997615814209,7,ViT-g-14,synthetic
61,bb,match,1.0,8,ViT-g-14,synthetic
62,bb,match,1.0,9,ViT-g-14,synthetic
63,bb,match,1.0,10,ViT-g-14,synthetic
64,bb,match,1.0,11,ViT-g-14,synthetic
65,bb,match,1.0,12,ViT-g-14,synthetic
66,bb,match,1.0,13,ViT-g-14,synthetic
67,bb,match,1.0,14,ViT-g-14,synthetic
68,bb,match,1.0,15,ViT-g-14,synthetic
69,bb,match,1.0,16,ViT-g-14,synthetic
70,bb,match,1.0,17,ViT-g-14,synthetic
71,bb,match,1.0,18,ViT-g-14,synthetic
72,ba,mismatch,0.0,1,ViT-g-14,synthetic
73,ba,mismatch,1.949933020498683e-19,2,ViT-g-14,synthetic
74,ba,mismatch,0.0,3,ViT-g-14,synthetic
75,ba,mismatch,0.0,4,ViT-g-14,synthetic
76,ba,mismatch,0.0,5,ViT-g-14,synthetic
77,ba,mismatch,4.243999025213568e-17,6,ViT-g-14,synthetic
78,ba,mismatch,6.127248500968312e-22,7,ViT-g-14,synthetic
79,ba,mismatch,0.0,8,ViT-g-14,synthetic
80,ba,mismatch,0.0,9,ViT-g-14,synthetic
81,ba,mismatch,6.941112892057038e-37,10,ViT-g-14,synthetic
82,ba,mismatch,0.0,11,ViT-g-14,synthetic
83,ba,mismatch,0.0,12,ViT-g-14,synthetic
84,ba,mismatch,0.0,13,ViT-g-14,synthetic
85,ba,mismatch,5.5760757944179386e-18,14,ViT-g-14,synthetic
86,ba,mismatch,0.0,15,ViT-g-14,synthetic
87,ba,mismatch,0.0,16,ViT-g-14,synthetic
88,ba,mismatch,1.0318368188663111e-32,17,ViT-g-14,synthetic
89,ba,mismatch,7.247404954909271e-39,18,ViT-g-14,synthetic
90,bc,mismatch,0.0,1,ViT-g-14,synthetic
91,bc,mismatch,4.589473470806977e-23,2,ViT-g-14,synthetic
92,bc,mismatch,0.0,3,ViT-g-14,synthetic
93,bc,mismatch,5.481239199040487e-39,4,ViT-g-14,synthetic
94,bc,mismatch,0.0,5,ViT-g-14,synthetic
95,bc,mismatch,3.536749246109543e-27,6,ViT-g-14,synthetic
96,bc,mismatch,2.3778527520335047e-06,7,ViT-g-14,synthetic
97,bc,mismatch,0.0,8,ViT-g-14,synthetic
98,bc,mismatch,0.0,9,ViT-g-14,synthetic
99,bc,mismatch,0.0,10,ViT-g-14,synthetic
100,bc,mismatch,0.0,11,ViT-g-14,synthetic
101,bc,mismatch,5.810512289810738e-33,12,ViT-g-14,synthetic
102,bc,mismatch,0.0,13,ViT-g-14,synthetic
103,bc,mismatch,6.296023424834374e-11,14,ViT-g-14,synthetic
104,bc,mismatch,0.0,15,ViT-g-14,synthetic
105,bc,mismatch,0.0,16,ViT-g-14,synthetic
106,bc,mismatch,2.9733587409631434e-28,17,ViT-g-14,synthetic
107,bc,mismatch,1.8216880036222624e-44,18,ViT-g-14,synthetic
108,cc,match,1.0,1,ViT-g-14,synthetic
109,cc,match,1.0,2,ViT-g-14,synthetic
110,cc,match,1.0,3,ViT-g-14,synthetic
111,cc,match,1.0,4,ViT-g-14,synthetic
112,cc,match,1.0,5,ViT-g-14,synthetic
113,cc,match,1.0,6,ViT-g-14,synthetic
114,cc,match,0.99998939037323,7,ViT-g-14,synthetic
115,cc,match,1.0,8,ViT-g-14,synthetic
116,cc,match,1.0,9,ViT-g-14,synthetic
117,cc,match,1.0,10,ViT-g-14,synthetic
118,cc,match,1.0,11,ViT-g-14,synthetic
119,cc,match,1.0,12,ViT-g-14,synthetic
120,cc,match,1.0,13,ViT-g-14,synthetic
121,cc,match,1.0,14,ViT-g-14,synthetic
122,cc,match,1.0,15,ViT-g-14,synthetic
123,cc,match,1.0,16,ViT-g-14,synthetic
124,cc,match,1.0,17,ViT-g-14,synthetic
125,cc,match,1.0,18,ViT-g-14,synthetic
126,ca,mismatch,3.481939025298414e-37,1,ViT-g-14,synthetic
127,ca,mismatch,7.319131874295299e-19,2,ViT-g-14,synthetic
128,ca,mismatch,0.0,3,ViT-g-14,synthetic
129,ca,mismatch,0.0,4,ViT-g-14,synthetic
130,ca,mismatch,0.0,5,ViT-g-14,synthetic
131,ca,mismatch,8.812297569999789e-21,6,ViT-g-14,synthetic
132,ca,mismatch,1.0014374311140273e-05,7,ViT-g-14,synthetic
133,ca,mismatch,0.0,8,ViT-g-14,synthetic
134,ca,mismatch,1.2881258282249062e-09,9,ViT-g-14,synthetic
135,ca,mismatch,0.0,10,ViT-g-14,synthetic
136,ca,mismatch,0.0,11,ViT-g-14,synthetic
137,ca,mismatch,4.203895392974451e-45,12,ViT-g-14,synthetic
138,ca,mismatch,9.899815185777984e-20,13,ViT-g-14,synthetic
139,ca,mismatch,5.88087130418589e-39,14,ViT-g-14,synthetic
140,ca,mismatch,0.0,15,ViT-g-14,synthetic
141,ca,mismatch,0.0,16,ViT-g-14,synthetic
142,ca,mismatch,0.0,17,ViT-g-14,synthetic
143,ca,mismatch,7.850774646379788e-41,18,ViT-g-14,synthetic
144,cb,mismatch,0.0,1,ViT-g-14,synthetic
145,cb,mismatch,8.055983071487828e-21,2,ViT-g-14,synthetic
146,cb,mismatch,0.0,3,ViT-g-14,synthetic
147,cb,mismatch,0.0,4,ViT-g-14,synthetic
148,cb,mismatch,0.0,5,ViT-g-14,synthetic
149,cb,mismatch,8.003992896917537e-23,6,ViT-g-14,synthetic
150,cb,mismatch,6.468797550951422e-07,7,ViT-g-14,synthetic
151,cb,mismatch,0.0,8,ViT-g-14,synthetic
152,cb,mismatch,2.1151504455334503e-31,9,ViT-g-14,synthetic
153,cb,mismatch,0.0,10,ViT-g-14,synthetic
154,cb,mismatch,1.401298464324817e-45,11,ViT-g-14,synthetic
155,cb,mismatch,3.748297536832727e-20,12,ViT-g-14,synthetic
156,cb,mismatch,3.22047450031993e-38,13,ViT-g-14,synthetic
157,cb,mismatch,6.656447965235746e-40,14,ViT-g-14,synthetic
158,cb,mismatch,0.0,15,ViT-g-14,synthetic
159,cb,mismatch,0.0,16,ViT-g-14,synthetic
160,cb,mismatch,0.0,17,ViT-g-14,synthetic
161,cb,mismatch,6.048182921209604e-32,18,ViT-g-14,synthetic
