,text,match,probability,model,dataset
0,aa,match,1.0,ViT-L-14-336,synthetic
1,aa,match,1.0,ViT-L-14-336,synthetic
2,aa,match,1.0,ViT-L-14-336,synthetic
3,aa,match,1.0,ViT-L-14-336,synthetic
4,aa,match,1.0,ViT-L-14-336,synthetic
5,aa,match,1.0,ViT-L-14-336,synthetic
6,aa,match,0.9725039601325989,ViT-L-14-336,synthetic
7,aa,match,1.0,ViT-L-14-336,synthetic
8,aa,match,1.0,ViT-L-14-336,synthetic
9,aa,match,1.0,ViT-L-14-336,synthetic
10,aa,match,1.0,ViT-L-14-336,synthetic
11,aa,match,1.0,ViT-L-14-336,synthetic
12,aa,match,0.9999871253967285,ViT-L-14-336,synthetic
13,aa,match,0.9999997615814209,ViT-L-14-336,synthetic
14,aa,match,1.0,ViT-L-14-336,synthetic
15,aa,match,1.0,ViT-L-14-336,synthetic
16,aa,match,1.0,ViT-L-14-336,synthetic
17,aa,match,1.0,ViT-L-14-336,synthetic
18,ab,mismatch,7.737721412039898e-17,ViT-L-14-336,synthetic
19,ab,mismatch,1.1458055552503296e-16,ViT-L-14-336,synthetic
20,ab,mismatch,2.1995124092292345e-13,ViT-L-14-336,synthetic
21,ab,mismatch,9.417170006038172e-15,ViT-L-14-336,synthetic
22,ab,mismatch,1.0998375197775537e-13,ViT-L-14-336,synthetic
23,ab,mismatch,4.1059270713419823e-19,ViT-L-14-336,synthetic
24,ab,mismatch,0.02749609388411045,ViT-L-14-336,synthetic
25,ab,mismatch,1.0682121712056955e-23,ViT-L-14-336,synthetic
26,ab,mismatch,4.474616715295556e-15,ViT-L-14-336,synthetic
27,ab,mismatch,5.818781220745528e-12,ViT-L-14-336,synthetic
28,ab,mismatch,9.455543139647634e-15,ViT-L-14-336,synthetic
29,ab,mismatch,1.3260376130475038e-09,ViT-L-14-336,synthetic
30,ab,mismatch,9.207301445712801e-06,ViT-L-14-336,synthetic
31,ab,mismatch,2.0158371683010046e-07,ViT-L-14-336,synthetic
32,ab,mismatch,4.8679536963913694e-12,ViT-L-14-336,synthetic
33,ab,mismatch,4.2227890157084574e-20,ViT-L-14-336,synthetic
34,ab,mismatch,7.156027160341173e-18,ViT-L-14-336,synthetic
35,ab,mismatch,8.128147643610053e-15,ViT-L-14-336,synthetic
36,ac,mismatch,3.5060610098898654e-16,ViT-L-14-336,synthetic
37,ac,mismatch,3.8539346402868573e-22,ViT-L-14-336,synthetic
38,ac,mismatch,9.160935031393702e-12,ViT-L-14-336,synthetic
39,ac,mismatch,1.0724661159144944e-09,ViT-L-14-336,synthetic
40,ac,mismatch,2.9871063955688726e-11,ViT-L-14-336,synthetic
41,ac,mismatch,2.4155905140738065e-13,ViT-L-14-336,synthetic
42,ac,mismatch,8.713730258180785e-12,ViT-L-14-336,synthetic
43,ac,mismatch,4.2845119271016363e-13,ViT-L-14-336,synthetic
44,ac,mismatch,9.268306506657071e-15,ViT-L-14-336,synthetic
45,ac,mismatch,4.7588132809734e-21,ViT-L-14-336,synthetic
46,ac,mismatch,1.6023122583102199e-21,ViT-L-14-336,synthetic
47,ac,mismatch,9.312367500388663e-13,ViT-L-14-336,synthetic
48,ac,mismatch,3.653452722574002e-06,ViT-L-14-336,synthetic
49,ac,mismatch,1.4818224772228383e-14,ViT-L-14-336,synthetic
50,ac,mismatch,8.425805626127714e-13,ViT-L-14-336,synthetic
51,ac,mismatch,8.119546990177641e-19,ViT-L-14-336,synthetic
52,ac,mismatch,1.0047807719312449e-13,ViT-L-14-336,synthetic
53,ac,mismatch,1.5174673854718296e-13,ViT-L-14-336,synthetic
54,bb,match,1.0,ViT-L-14-336,synthetic
55,bb,match,1.0,ViT-L-14-336,synthetic
56,bb,match,1.0,ViT-L-14-336,synthetic
57,bb,match,1.0,ViT-L-14-336,synthetic
58,bb,match,1.0,ViT-L-14-336,synthetic
59,bb,match,1.0,ViT-L-14-336,synthetic
60,bb,match,1.0,ViT-L-14-336,synthetic
61,bb,match,1.0,ViT-L-14-336,synthetic
62,bb,match,1.0,ViT-L-14-336,synthetic
63,bb,match,1.0,ViT-L-14-336,synthetic
64,bb,match,1.0,ViT-L-14-336,synthetic
65,bb,match,0.9999978542327881,ViT-L-14-336,synthetic
66,bb,match,1.0,ViT-L-14-336,synthetic
67,bb,match,1.0,ViT-L-14-336,synthetic
68,bb,match,1.0,ViT-L-14-336,synthetic
69,bb,match,1.0,ViT-L-14-336,synthetic
70,bb,match,1.0,ViT-L-14-336,synthetic
71,bb,match,1.0,ViT-L-14-336,synthetic
72,ba,mismatch,2.918910032254802e-20,ViT-L-14-336,synthetic
73,ba,mismatch,1.1680096451659183e-13,ViT-L-14-336,synthetic
74,ba,mismatch,3.1056103869109286e-13,ViT-L-14-336,synthetic
75,ba,mismatch,5.738553455836911e-16,ViT-L-14-336,synthetic
76,ba,mismatch,6.181897170814271e-14,ViT-L-14-336,synthetic
77,ba,mismatch,2.1004810552060706e-19,ViT-L-14-336,synthetic
78,ba,mismatch,1.2834570501580462e-23,ViT-L-14-336,synthetic
79,ba,mismatch,9.349618102863788e-24,ViT-L-14-336,synthetic
80,ba,mismatch,3.8311561238764195e-22,ViT-L-14-336,synthetic
81,ba,mismatch,1.8739231087000485e-12,ViT-L-14-336,synthetic
82,ba,mismatch,1.757854489928444e-16,ViT-L-14-336,synthetic
83,ba,mismatch,3.50559884753802e-16,ViT-L-14-336,synthetic
84,ba,mismatch,6.012642993761639e-24,ViT-L-14-336,synthetic
85,ba,mismatch,8.04675476540073e-17,ViT-L-14-336,synthetic
86,ba,mismatch,6.986071441654012e-26,ViT-L-14-336,synthetic
87,ba,mismatch,1.631789808764978e-15,ViT-L-14-336,synthetic
88,ba,mismatch,4.7218734998411005e-12,ViT-L-14-336,synthetic
89,ba,mismatch,2.2909236489653725e-18,ViT-L-14-336,synthetic
90,bc,mismatch,3.366119717240502e-22,ViT-L-14-336,synthetic
91,bc,mismatch,1.7314893548780896e-20,ViT-L-14-336,synthetic
92,bc,mismatch,2.0571449336674467e-19,ViT-L-14-336,synthetic
93,bc,mismatch,2.5685945900219597e-16,ViT-L-14-336,synthetic
94,bc,mismatch,4.3966406904072386e-11,ViT-L-14-336,synthetic
95,bc,mismatch,3.823433540259269e-14,ViT-L-14-336,synthetic
96,bc,mismatch,7.816795194366632e-22,ViT-L-14-336,synthetic
97,bc,mismatch,4.167886497457869e-17,ViT-L-14-336,synthetic
98,bc,mismatch,7.027166380386042e-22,ViT-L-14-336,synthetic
99,bc,mismatch,8.266909216303963e-19,ViT-L-14-336,synthetic
100,bc,mismatch,1.1852529913347057e-15,ViT-L-14-336,synthetic
101,bc,mismatch,2.14191072700487e-06,ViT-L-14-336,synthetic
102,bc,mismatch,1.6345900575023895e-19,ViT-L-14-336,synthetic
103,bc,mismatch,5.85479231658421e-17,ViT-L-14-336,synthetic
104,bc,mismatch,4.3713223874104865e-18,ViT-L-14-336,synthetic
105,bc,mismatch,6.479515275020775e-13,ViT-L-14-336,synthetic
106,bc,mismatch,3.8389935674842945e-09,ViT-L-14-336,synthetic
107,bc,mismatch,2.0058115003060992e-15,ViT-L-14-336,synthetic
108,cc,match,1.0,ViT-L-14-336,synthetic
109,cc,match,1.0,ViT-L-14-336,synthetic
110,cc,match,1.0,ViT-L-14-336,synthetic
111,cc,match,1.0,ViT-L-14-336,synthetic
112,cc,match,1.0,ViT-L-14-336,synthetic
113,cc,match,1.0,ViT-L-14-336,synthetic
114,cc,match,0.0016654895152896643,ViT-L-14-336,synthetic
115,cc,match,1.0,ViT-L-14-336,synthetic
116,cc,match,0.9999984502792358,ViT-L-14-336,synthetic
117,cc,match,1.0,ViT-L-14-336,synthetic
118,cc,match,1.0,ViT-L-14-336,synthetic
119,cc,match,0.9995930790901184,ViT-L-14-336,synthetic
120,cc,match,1.0,ViT-L-14-336,synthetic
121,cc,match,1.0,ViT-L-14-336,synthetic
122,cc,match,1.0,ViT-L-14-336,synthetic
123,cc,match,1.0,ViT-L-14-336,synthetic
124,cc,match,1.0,ViT-L-14-336,synthetic
125,cc,match,1.0,ViT-L-14-336,synthetic
126,ca,mismatch,2.6971294257239e-14,ViT-L-14-336,synthetic
127,ca,mismatch,3.648624235857642e-14,ViT-L-14-336,synthetic
128,ca,mismatch,5.750854463120584e-21,ViT-L-14-336,synthetic
129,ca,mismatch,1.4726119635425618e-18,ViT-L-14-336,synthetic
130,ca,mismatch,1.6433455616270132e-16,ViT-L-14-336,synthetic
131,ca,mismatch,2.2438906970030055e-17,ViT-L-14-336,synthetic
132,ca,mismatch,2.536199861236099e-10,ViT-L-14-336,synthetic
133,ca,mismatch,1.489824719571764e-23,ViT-L-14-336,synthetic
134,ca,mismatch,1.244609279638098e-06,ViT-L-14-336,synthetic
135,ca,mismatch,5.319554182447688e-17,ViT-L-14-336,synthetic
136,ca,mismatch,1.3063096019848543e-19,ViT-L-14-336,synthetic
137,ca,mismatch,1.0275806007650656e-16,ViT-L-14-336,synthetic
138,ca,mismatch,9.768792599503423e-17,ViT-L-14-336,synthetic
139,ca,mismatch,9.57538486827097e-18,ViT-L-14-336,synthetic
140,ca,mismatch,2.990354274964857e-12,ViT-L-14-336,synthetic
141,ca,mismatch,3.5678749049507065e-20,ViT-L-14-336,synthetic
142,ca,mismatch,8.60316708565949e-22,ViT-L-14-336,synthetic
143,ca,mismatch,1.152241686395647e-13,ViT-L-14-336,synthetic
144,cb,mismatch,1.1555060677298615e-16,ViT-L-14-336,synthetic
145,cb,mismatch,1.4083573716960895e-12,ViT-L-14-336,synthetic
146,cb,mismatch,1.0598919880861271e-14,ViT-L-14-336,synthetic
147,cb,mismatch,2.534316648954236e-15,ViT-L-14-336,synthetic
148,cb,mismatch,5.576706631205131e-13,ViT-L-14-336,synthetic
149,cb,mismatch,1.7764300775580956e-19,ViT-L-14-336,synthetic
150,cb,mismatch,0.9983345866203308,ViT-L-14-336,synthetic
151,cb,mismatch,1.5929090921303537e-28,ViT-L-14-336,synthetic
152,cb,mismatch,2.6788111995301733e-07,ViT-L-14-336,synthetic
153,cb,mismatch,5.2365429683832966e-17,ViT-L-14-336,synthetic
154,cb,mismatch,2.3346595483416093e-15,ViT-L-14-336,synthetic
155,cb,mismatch,0.0004069443966727704,ViT-L-14-336,synthetic
156,cb,mismatch,2.970606746699467e-11,ViT-L-14-336,synthetic
157,cb,mismatch,1.155920452129526e-16,ViT-L-14-336,synthetic
158,cb,mismatch,2.862011960758082e-08,ViT-L-14-336,synthetic
159,cb,mismatch,9.35335201427372e-19,ViT-L-14-336,synthetic
160,cb,mismatch,3.3094673263537147e-18,ViT-L-14-336,synthetic
161,cb,mismatch,2.2637677843384552e-10,ViT-L-14-336,synthetic
